{"version":2,"hash":{"type":"Buffer","data":"4UUFqsGBLHfdJr1ZLYpS2EZVR4pH+NxU619nl952WtkYNuKICLQzjNFe7IA6bPoBAD2QRy9IX0p6ZxvKcwTG2UXcMl2SXvHSzJ6Dlq/PWxWG3i6jOzpJptXMozSdtuQyDjVvc1c6M+h2AmCE4z3e8MWkTVjMSsVT5rJYG4qHqeE="},"indexValueMap":{"SzLDVwgvbsEw3qGMfjOJ0L4vwRcjOwFVy0PIeEg+jXo=":{"valueMac":{"type":"Buffer","data":"qM9Qx42qJpyv7HVdxQLtw2Ysl6H7aZS5SdJCqQrIfe4="}},"0AFyuuQO0r9nQkIW8FK4hIfvrX/doUVQiyt3ao5JqGI=":{"valueMac":{"type":"Buffer","data":"xFvLelhV5XZbK3yovyDSPzm72qjkyjMYvc8bX6uiAcE="}}}}