{"version":4,"hash":{"type":"Buffer","data":"Ah5GbUnn27C+g6ZCcLf3Y6/Bmsw9dtZpKeKJ1icQFPBQDgok7Rr6oi3cGcAgNbJhFfTA/j7bZQnAzh94PPaCyQNeqYMfg6T7piDykXfFPRI2OGafAOA/PjayegPCriiW7clbNAjTqk2lWLVa0aFx5bIrClEFyb2scdvOQcWeB4M="},"indexValueMap":{"J8rE/yJ4l0MU1qyKavF3Zx5laMiJkffQY4uah3u8vYk=":{"valueMac":{"type":"Buffer","data":"CJsrdvUrcrg1s9wXEPqDuDgBHyniWR/obOiyIeEDj24="}},"TI1EOZvzIcGPRuvpfjHfUpidAuC9BtAaEGElDNYQ/6Q=":{"valueMac":{"type":"Buffer","data":"pitz9fNYV/aH6juDl7gb7iy65pDEbVVynmLtJFMhAig="}},"wVyyeelbZ3kUdS0Iv7Up2aKD/3x96CPIJY/EbGscYq4=":{"valueMac":{"type":"Buffer","data":"36VJz5MNUP07FXhL521efiv66fW8oUJiLJjBfcoKJbg="}},"241a1KFdLL09YP+cFUUQiZ+x6wSO9LiPyokUDdGj6AI=":{"valueMac":{"type":"Buffer","data":"uhUP8GjoEevHXjahVFNIcM8tzvQkPbB1Msfed3ROy7g="}},"6M+IsQ79j14dWtt2Yd4st3WiCxF3QDtiiqaO4xRTd9s=":{"valueMac":{"type":"Buffer","data":"JQpAI+M7AtRu4OcMbWd5Zalh9R+n/2eP1OhZBsBKe10="}},"3Yl4deB+1p8oHvvpQy16tffL7YiL8cb9KADh3iDyHh4=":{"valueMac":{"type":"Buffer","data":"C9HAha3sOwbz88+LFGF3J0dIjXES82oxT4qiLVXlAuY="}},"m/ykcUu6+WWSt0xCFs+uQ5sFVc/OR5Ebw2Qlo1eHwhM=":{"valueMac":{"type":"Buffer","data":"OVLMFd0i/K/AUgBiW6Jtd89El/ED9YiQHdDkp/Su4h8="}},"q1XR+ud7Ut4qn3sA4aqZ2reAtkwA96KX4HYSX3yb6vo=":{"valueMac":{"type":"Buffer","data":"Sx0tbZfWMINoNWT9SBInJv3CuEMe0hGttuLlAcL2x30="}},"WbjLhMDmYSpjI87Hssgag8o6vJZA3Yt3TS2XL5m13sI=":{"valueMac":{"type":"Buffer","data":"rIRqBSx9pTxkvi5NPMsyRduFvVWV9n7rri3CFTx0Qs0="}},"MlJ4l0G6mmvgRRs0rkGeSEbBrilJpQkmsJuwwA2jrwc=":{"valueMac":{"type":"Buffer","data":"IS9RNgYQf3RvEfe4++7exjMssXZNStvffPJXL5N0FRM="}},"71fWA4Zq33Keak/xuYxemrhs0b/K/yv6vs29SFcbGnA=":{"valueMac":{"type":"Buffer","data":"q0GBQlDK2Us5GSXp4ILNG3JIPjsaY3rXu1Dpbb2Tzlo="}},"BJI6DpVxX92snC6+MLequ+gs5oMlFQ15r0fDSFVDl3c=":{"valueMac":{"type":"Buffer","data":"HF6sNH1V58ofQn8dDQpTkW2sd0GfVfIjVCCl+ixZq/8="}},"ndeb2Tnqbr9vV5+vLV1JPoSLEicDGvIEP+XGkQ2Tol4=":{"valueMac":{"type":"Buffer","data":"pxpg8BeZGv22gCEo/ynatNm8iwlE3ND0U0fz9m4yPw4="}},"azaXICAGuEwed6sMsCiVjRWHfDM4NZWIgMvLKjdmMFg=":{"valueMac":{"type":"Buffer","data":"LDxtm3gMVcRAm71V52dlM+2vUtMPHkW1/aQXec+oqTw="}},"JVENrumB7QFqBvtG6WiaUEFEUVu9f+HgRpZDmaYQvME=":{"valueMac":{"type":"Buffer","data":"wI2NHmrmsG73OkLQZNDE2otJrRucF5gorg++fk0bxmQ="}},"eQCWslqUw/VpYvKmIirnc6Pl0igOaqscX+XqXVH9wQc=":{"valueMac":{"type":"Buffer","data":"R+t2sQGOXCQFhbWvHx0q99MdxZMx1oOxQ64eyTK4EsA="}},"RzHJZDhqwJ6hNH/kNMDbgp5+5b6j3ANg/NMLGID/O+w=":{"valueMac":{"type":"Buffer","data":"pn8DvGZL32o2lUvCNh1qaQuVqpt9pIyI6I7OCq4EUOc="}},"Ir8Nltw1vJsKJTG7FkWecyDgL305F04tr+nZMm92uUw=":{"valueMac":{"type":"Buffer","data":"MDzvXqm2aQcjPocf+M8+cG6kvKGpH7zCNfSdFeGsLiM="}},"GDZs9jWO/3DmUn2Cgf9t/aFchJFEUtw3qqJq4zQrZDQ=":{"valueMac":{"type":"Buffer","data":"o42m3qVNN5QhQLZ1B/BJEkol2eESPqiSeapIq2pAxdg="}},"rwX6QrpVEpITvlM/Y8HmKvNGaW6CMXFkbE02CUaOxcU=":{"valueMac":{"type":"Buffer","data":"kQWtZvAS8cNQ6rFBlbX5sUuQmcMVCC15DjeOvHCj1Bs="}},"zx2Hi3EsPk54CWr/V+Y8+waZ8rS3CXqmG+ZKMc4wuus=":{"valueMac":{"type":"Buffer","data":"W+Aoq9bfdaqtJoYSs8SJqExPdg6S2/RsLm/JF6DaIyQ="}},"K+SQpNjQ4Doc6rX43se7dwbNtpRLGl7jN4ghzsb2ODw=":{"valueMac":{"type":"Buffer","data":"rKhWDkNRMwv98pcH3jUX8uAS/9wAlbEhqgYW7VoY/JM="}},"YHUqtFd3bX9u3o7hdP4BDoyqgpwmrZsfvZHd+JefO+M=":{"valueMac":{"type":"Buffer","data":"413S/yPHL44bA9U4iT2dI+cl7t4dSAvzfuknCaf3nTc="}},"Ra0GOC+cl9HHQEkQF3Yb4ow5B0GPDJF9+KOr5qCDLbA=":{"valueMac":{"type":"Buffer","data":"ZG2BczwF72zT9xItjKUb3rzrli+4vWsviaMoD2y8vcw="}},"D1t2gGbIOc1ESNwbcG5nwxlbcLudnmLUXYdDHh/ESsM=":{"valueMac":{"type":"Buffer","data":"TMhRw8cyoDpgwm1gO/M41YeBBFzmOjNJXter72G3sn0="}},"nCkZuMxMkc6A14OlSCGW+/zHZ6UsnteQ+N3nYYCkh2Q=":{"valueMac":{"type":"Buffer","data":"JSHa0RLRZPwyaudeWrJXH0GOY+PdXEmWFeFM/ry/qiY="}},"Bpc+rQHaxJLAYsgUqE6wB49Ksr3Oi0p6e6rtpjnepBQ=":{"valueMac":{"type":"Buffer","data":"kYoHzCBMNAVo1bryg4JqVE2tH+kOfZZSsgOAG0g4S54="}},"uijFAXEXCINjmQUMcPGXhC/j1aS50nD5T1jobqoIe88=":{"valueMac":{"type":"Buffer","data":"69eXFB650dxoufsZyc3FGL22UqNVj1hDBW//zAnaPus="}},"yJq39uLazB8smUelG3XkN5BtlA+ceeNq8SacFT1uoMo=":{"valueMac":{"type":"Buffer","data":"ClvlYNem57ik7O9S8m+sRb4T9W+St0s5NM+1jqFs5Fo="}},"t16BUw2sI7IbVONGTVARCOv9J5/E1iFMcO9odSuhFfg=":{"valueMac":{"type":"Buffer","data":"NLdohKf+4LBQnTxZSu2M88dpXjGsRKN31vEi1mt7qSE="}},"jDEQDeNbcQ+lJoMGegAbd2nvGyouRMw9SxJ6+8ysrW4=":{"valueMac":{"type":"Buffer","data":"XxycgrrIUOE/aPSGvidNg60j7vxvYOgBNDF3X5mEMgo="}},"IxjDAiohNlPInJSlOcYfjCv42NZW+T4madcloMxD1Cc=":{"valueMac":{"type":"Buffer","data":"AnWEQ7NQgqT3tl6ecVIbZdkzooTJYjjdPgQGFzkR/kw="}},"FGey64QPZVXKOpzbInhPIUeEKSMoONrFcsjpIx11WAM=":{"valueMac":{"type":"Buffer","data":"QJGY/jA9bJSs6Cgr9M+I+60vtQH4ou3xPyr0x3f+9eI="}},"KnKxj532UqeGRGUca140Ku3gKvQOqUJn2f1wMIZFhdI=":{"valueMac":{"type":"Buffer","data":"9fQaYbJtaeIg9S9I8cCuwYrQmW2fRAnc1xWUEuAorfw="}},"f4DTt55/snMLR7/TUK/42L6ABmggNzlDNO4THXMRa5Q=":{"valueMac":{"type":"Buffer","data":"0jmIFAK6RJ8lmQcPltVJLUl/YM2a0UvedmsWSeeIZWA="}},"TbpvFXrwSdp+i1h4GIEI4T1N8rlwk2qUm+vSIwR22L8=":{"valueMac":{"type":"Buffer","data":"dYB/7voVvBVMT0vvFvJo0Yfa9m97NrHRwsNkA+YDIac="}},"yCHuizOxkm8nC3RQp8hyN6fxZM/BUhb+VRJxXLs52tU=":{"valueMac":{"type":"Buffer","data":"arP8VLYRc2NWN9zJhVDiDt/PPRnmbFA65iH3S/FsYqA="}},"kGvooelgPZcziLh2bpqkwa4JX8WluuPGEW39w5Gjjzg=":{"valueMac":{"type":"Buffer","data":"SGiMSjDXkhG9BTA7ZydmUMbdHNQJXmfh25kadgHvWmU="}},"ZLLksr0DuFUYT/rXaMKYAzzgtSestteZCjyfKxFE3xg=":{"valueMac":{"type":"Buffer","data":"WHbCuFjdAyRh0gXg+ARfsYWSsc6dRePec4Jcr15exZg="}},"jsqA9APgTmODSWdHWz8nIsknArlrsx/yWBK6kYW750g=":{"valueMac":{"type":"Buffer","data":"3HBq/i2TGO2kNcvvJkg9SdtYTwt6UTdxZEGOZkIIPas="}},"C3Q3/Lo1wuJcw36eKiS3Yb5getvSEiEukGWlHqIVu5w=":{"valueMac":{"type":"Buffer","data":"K1vXNYDgDYJj0hdmjSRKP0OZDSUO5gXUiR0cIeSXvoU="}},"EEdrDUEg6EBxMnawKascwKyx5Qls3d8UgDsXaIhIsGg=":{"valueMac":{"type":"Buffer","data":"3I0oKVVd3DufXOLIZsgkT8ed5P/khcNI2h71ejdOh84="}},"px+8KR6tYAM6aOSwQoEl0UpEgX97JC5/E6XucBmbXwc=":{"valueMac":{"type":"Buffer","data":"zgtkW2to3/X2EzLawSykmAZRlOfl7dWk9zAsCmw05Es="}},"OAevdepyC+In6AbaT8hMQUD5KymZXzJIxF5nqNf0zwg=":{"valueMac":{"type":"Buffer","data":"gKcOm8cYxmTPR8GU6lRIpEkXQ7L2LKBrIE1WYHIeTLI="}},"YqWDQuqNePTnflWgDurSQWsTEDWcvvYHw/smZerZNy4=":{"valueMac":{"type":"Buffer","data":"ixcRT2LmB8blgUEluPQa8dmLa/Xl+TbwMb4ILhyDngA="}},"CevpAL6zeAnxa2ZGqf5dJX5X695yOiWSu8s61/oKaBw=":{"valueMac":{"type":"Buffer","data":"ljmLUSLbyHGEP/8VfKxFUscdf4+3DTgwS1kq2TAEYeI="}},"azbmvMf020ABoxLDCRoQGb/UrmdzqlVxrVqlgnROiV0=":{"valueMac":{"type":"Buffer","data":"3LgcVwpsGwjvzyU+1x2mpk7mdYMFtfNAwkAZiLDzK0s="}},"tpBqsaDMPujXKXBJxWASPCu+jeDtEKbKHV5GXd6FP50=":{"valueMac":{"type":"Buffer","data":"Vg3hMlfg5oXr1ZYTkwJWJzJuHaOjm0JhlthWeHKkMLA="}},"e6fRsi6xvYv2jz2+YPLPp0MSkc5ky6jY7BysXYkDXDo=":{"valueMac":{"type":"Buffer","data":"VorcJzsvqwGC/z4zEKbs1hDO7hFaEaM2BH1bqn4sG1E="}},"6hAmzbR4SFL2DQwSjQ7QNPNuEk+Xzhg2CGRismRuMbM=":{"valueMac":{"type":"Buffer","data":"+Zp5aGiiVqrYC1Wfjha2xrsfIM8dyvPnuKgpyUawvNc="}},"ZXW69vaikjF8zNqr+9gXz4j4BGSy2079QfhA42X/hA8=":{"valueMac":{"type":"Buffer","data":"CeTaIIEfaUrQuQY1J57pt+hx18RBKdHcSR5ENwWzW70="}},"Z/dlCE8F/pB6maPc2Wq+L5fRAji5FGb5SCw+g8JQmp8=":{"valueMac":{"type":"Buffer","data":"RZR1Ww094U4yzD2j+RklK1s7n/useL29D3miOrvJK8w="}},"zSkEqbLe2TiiuLYEzrEQ7kmURDsWx5AV7aX+MnU/8CM=":{"valueMac":{"type":"Buffer","data":"hSrgj05WDC8K5CAtpUOzru9k6gTxlCdDDC8gN8kIpBc="}},"1Ty972+LzsjxjXAYV1XsBKbIeeooEP36fGsvMK1Cpk0=":{"valueMac":{"type":"Buffer","data":"vRA70pKCKCxRKKE4z1Fd9t0lfwqPHcyGvQhy6a3+sSU="}},"Ji9HcbmywqN2HmN0cjaBwpP2jFsDC2mjj5yWpJTX8YU=":{"valueMac":{"type":"Buffer","data":"vhgcl0rJSgwkcuZzDen6f25ZjrYP+RfejChFkDPrLtc="}},"mlTFq7IMMKxg9qEzg45xP3WDI1t1DfZjM5xlh3hvrMM=":{"valueMac":{"type":"Buffer","data":"LQONeKtcszDw+qsXHRH4Evv0HWoUVZyqbuPzbp6hA2w="}},"fk8wWzgoJG/fPlVJkpP+a2BGjZGKD7cJrSY8EYOqHIc=":{"valueMac":{"type":"Buffer","data":"P3T/j94ix9U8zueWNVaJalQ0s3w8TsXkKcEMQEvc/Ys="}},"VYDPj3MmHeJniGMWfpu+p0oEBUB1nf1ubQumRef8Tpc=":{"valueMac":{"type":"Buffer","data":"xZ8xWCb3dZbx1hR204sAxfFOLN5NaZHWc20LkFNioQU="}},"6j9DSnAxHQaQvN+KgifByk5a4KqIgmwhjdGTp/9BQPg=":{"valueMac":{"type":"Buffer","data":"JqlACi5oU7p+GEDA/HPQGMVllmPru3gojogmMtvTQQ8="}},"TJgJE33qw3B4Xi2w36lNw7/LolXp5+P615gdT4hy7gA=":{"valueMac":{"type":"Buffer","data":"6dXPAm/hJQWRu4/hj+u0Lf2w6Z9Kr7XR0f+aYsZyfUo="}},"IRg1YxPPYlucGUIQXY83wzhpoeelzMyOQOvYZVMXFjQ=":{"valueMac":{"type":"Buffer","data":"kA1+UbR6saAav+1t7cKG5Ko8xv1bNhaprdYU+zdjRLA="}},"p1aXPfo8kxKwZDQadQtwNxjiYktTGBs6IJZD6DP10Vw=":{"valueMac":{"type":"Buffer","data":"cwq7iAQA+KAr7/b7+VKv+rWmw+PZr82qm7C9+w61qso="}},"A/qPeITM8vlNAQvwiPaRVp3gMggxHZQvsNH2CUtoCfQ=":{"valueMac":{"type":"Buffer","data":"wsUTSxaau+5E9sCySu2EO1NP3ZKgtPiROJs/V5rTd5o="}},"sTg/ZsEdbtcGt/LSKpyd7sJjGInROLvKUWx0OhZofvY=":{"valueMac":{"type":"Buffer","data":"ppOzE3nJHLp9UTdJ5TSloYKbfA4mAY+nFkvqVRJ2l6s="}},"LXlSAcTSRjuM3B6SR8LNWul3CkPZw6gpSM7GDmEEry4=":{"valueMac":{"type":"Buffer","data":"j1XbBsj1TiaWxoRi0XGRVl12hR9f3vVOj2BHVJJ7IIE="}},"Tj1+oYNeRu0bPNjzupU8971DJNwuQlHEB4foP2iRTtk=":{"valueMac":{"type":"Buffer","data":"chgcgOmOXwHX1eLoqL5sNhCoP6+6Uzg+yl/N7wOLtIs="}},"VSnHllhSPFjMaMcMLpmHoZBytK6gIJ5ptXhqjGaVqt4=":{"valueMac":{"type":"Buffer","data":"KQUxFnxF/izhLKe/zq2nYyP3TkzOZTCFWhFHQamEfkw="}},"epQI1Dt0khjomi+Isc8qaWyw6BASFlII2P4J9CBffmw=":{"valueMac":{"type":"Buffer","data":"lFEij40aKUVjf8LaqSnq8IfD1SXGboN49KijahEbWL8="}},"46IaTFpTc5tDCxImv5ZH2bw1EaVU5jUKKUIIN/uDXIw=":{"valueMac":{"type":"Buffer","data":"mxJ7ZI6j8FKPuSad6Zvr+mv1+JpfCrJiZ8Pfa49oJpk="}},"9AbaKhfp95RnjziywMU0wsSC0LXlfLypNPG/3jOmBtI=":{"valueMac":{"type":"Buffer","data":"2VMvHo6jPvA+vQbAq0oLMKZXKIrO/DzD/jNxnWcp5b8="}},"DnayuUQZzNYak2ZKNQVgKix4vqvQF1L/whjXRruJrR0=":{"valueMac":{"type":"Buffer","data":"Pbo9Lp7wQ8Uvf6hkAKqxbOXb+DbdnKH4io808f//BWc="}},"bLSoLn4EEZCiJscGHe88SEGTwZKT4QSSYY1GvgGpnIo=":{"valueMac":{"type":"Buffer","data":"dy6O8sBoSV+z8h0ynp+pywyeIhkxoTaAGp3KRMEahR8="}},"7Gk0lgyX1NB74NSbi5XGKoV2VFkDBPwHDyy4+WexKP8=":{"valueMac":{"type":"Buffer","data":"Y3tkwxhnff02mjH2jLL8eqgol7u6Q/1mz0jGytO4s9M="}},"AcSnLV4+uHJFo/wVEXixYvM0UDxsjVI1FxYvxcxmSOk=":{"valueMac":{"type":"Buffer","data":"ygMTlThXl1k01ExwCBLX0ZWGcGU+8ePf51iDJb7xd0A="}},"G0WVFN2mBaOFrec+HDqrS7YdbCMiFixMv28qQYLTKz4=":{"valueMac":{"type":"Buffer","data":"nVOplChQwuB/gmDvAihmFG5cpKIpJZqNCgNTUJxwQ/E="}},"osOHDtYNTesTZfI2K6RzfcnuFjiR5eEcMRYAvGTqTuE=":{"valueMac":{"type":"Buffer","data":"IZ3C1dzCUkJce65EpHpzHPqAynxLH1g6Fpgg6fp9Em0="}},"In5haT9u99d83lvkVttE7jvRVTYlkVCzKqzyXs5gF2Q=":{"valueMac":{"type":"Buffer","data":"TLb8kyHQyl/oqhDFPlf8Cqmb5CABqR0X/U7JF2ygjIY="}},"pk9rtUyc46g2kzJ5DWJVzlcP2A5Tba2MmJKQ//Y40Ns=":{"valueMac":{"type":"Buffer","data":"VgcwkxMJcxcWjeRhqJg0/vmigiHv2q80UKsGGA3+tgE="}},"Gts3316NkRYjbrtAyk68FA0Gw1nWLiqlPbI5SyuN63M=":{"valueMac":{"type":"Buffer","data":"at83MXRv7Rts+eBwlVOv/DLSJunO9jqdId8I8JLi9dI="}},"iAL+H7qj9iimj8PJWPfGfsvXiILS5my084i9ExhWMiw=":{"valueMac":{"type":"Buffer","data":"XEyBMeaspuIk3460Rdnt9eRirHiCTB5e4tnqBSX50Sw="}},"8POtg0k/n18IXa/2IpGDMwqHoWmXK+/piP1ZX7MkKZE=":{"valueMac":{"type":"Buffer","data":"GzEDE1Fs5cYc81F/wnwNikr89yrhyyn1A7k9lwQBcd4="}},"R8L8O/32wKSFyKwKoBJTHKjLPeL46Njjtt4zZ03XcJM=":{"valueMac":{"type":"Buffer","data":"j02V5CJJHP1y4gBnNRHF1w0sZEcsG30SbbCqi7cGjD8="}},"EH0Up3tFvQnGLrsdCghy51wz4ibyIdIbLPVNOH9v5ds=":{"valueMac":{"type":"Buffer","data":"YiKqaLsPeT39mN2J6k7faTXY6CpSt65cJ33PYAf+cYI="}},"wwMc9B8qnVHngLT9pYXdathoRXWAmhquXH4i7SHdsgA=":{"valueMac":{"type":"Buffer","data":"GcuLIeTEW2HPCACZpEXxiaIEz2b/LaJzFTboMfhIk9k="}},"GYzvo+SdsB0cCEpM5FnuNXw9+q9VIuhawgdc/JmwlSA=":{"valueMac":{"type":"Buffer","data":"w9tQVGrx8yFIrFwFhl/pWUU3bOaWlZ1oBA5NwSNerS0="}},"1WTv92Gzxy6l9erFVUhb5SNRU1C39pV9IpH34xhUuT4=":{"valueMac":{"type":"Buffer","data":"4VzIa2HRf9G+29FVbG+c5O1I1VmAnP0fidmy+6jtjJg="}},"9aRP1tOxdvhUZjI0v4PLn7gBnnsHP2c/Ckt4lsqEZV8=":{"valueMac":{"type":"Buffer","data":"u31kwH5V0ZqWECKvgZjYwl2qaI4cHTRUxhYb3yYg+eo="}},"Xl+58OYOBAev6no8ivH4neXei7grZzNxhx6RqymRdPk=":{"valueMac":{"type":"Buffer","data":"+xoWKu4SB+VQl/Uhenm2H0bu0csmPDyXD34H5+rfo0k="}},"G2hA0JSL0FpJ6pj9vrQGOL5jVLvYhy/qr/QxRsSxzkE=":{"valueMac":{"type":"Buffer","data":"yf3k6WlVIhcpZCBvy+YfdJTFEyek00qolKYU38QNIyY="}},"yOxNHSR/hqY7qUD42kG0wPicw57HJIthi0W+GTslpgY=":{"valueMac":{"type":"Buffer","data":"Pn5g7Ro3SIkNczFkH35hrcjVEfP5asbneOUHxJmolmc="}},"DvcFlL3zMyDBi3SSQZRzrRQ2ioj4DQhhPhBtf832Jgo=":{"valueMac":{"type":"Buffer","data":"/GyZW3evZR8+WMq0xLuvr1jCGNn1WmOuDCozKBLhUlM="}},"vGFlibO4+FxObz5PlOAUQTH2FEuT0hJKXj77qXI5phI=":{"valueMac":{"type":"Buffer","data":"yEpbZrVQkQs6SuPzw16VwL4CSUw68og0n5eNz/2Wkrc="}},"d5rG6jpsz+Fr770Ij/AuT0pjOMikeL4VcCXBnbMGInI=":{"valueMac":{"type":"Buffer","data":"CY6/dPVY+rYpJhA8SWLL+HhrKLARb0V8AKti9+DwNKA="}},"H2iQx5/udybnNEdYX+d5DNA2TF1D2GGzjN1yu7lktXs=":{"valueMac":{"type":"Buffer","data":"VOUtEyBKloRdF6l9qxhyXmRRWmGJoTeBKGo1HxC8i5o="}},"Dni5EruqLriRMuO89zWbVmiZzk5QDQWZMmbUT+veF9A=":{"valueMac":{"type":"Buffer","data":"DemAZ0Udmqzf3wf7a/xwUOTZbBRNcPGUd2Rsl4FwVr8="}},"rbdgIlDEzwXk8UF+mE6/fCh98N0/twF98wDn62GZ8bQ=":{"valueMac":{"type":"Buffer","data":"oBOoAcJCbQ2nOs/mJ6WzH+t2QGpAu1zA9yT40j24C2A="}},"TP0ehlKOF9AJ9jlml8vjv0PLvyubjYDpE78Vb+23tMI=":{"valueMac":{"type":"Buffer","data":"49eJ5nIJpS1iQM9e/jog10KHkmHVaAzAmkFd180giKc="}},"ptt0SJqld5o0tdTp8dXFfzvatXKUgjQTUd31pkvNJXc=":{"valueMac":{"type":"Buffer","data":"Sc1T4PfZK0UGuWBqkqriXoAFcV1VnsDElwIaffgsPXc="}},"2jIReAFpaK8UubuDDPREfQ8pxKrlE40MaPMlcfK+tBA=":{"valueMac":{"type":"Buffer","data":"Sje2/3dytlHBOTSnGtxZ9UIpqihtg2cFF4evGGrw5pg="}},"+M+s9WC9/4yGCpfcfFnIKd5Sk5I0YiYJdYX+Mz7a404=":{"valueMac":{"type":"Buffer","data":"kkHcu9Y1qM8FjY/9loWMC/X1lPlTFlo92DIYg/O2t+4="}},"0uX8sxUJfh8artJcwUkRy8c+PXKOfq1S5ps2Amryxgw=":{"valueMac":{"type":"Buffer","data":"MHMne7YYD5+osHXNg2yhRASA/9+WjUGsuv79l5uOpX4="}},"VKZW2ovw3EdXZuEGpwtYf3oIgjupNDYDbCL6zFssQl8=":{"valueMac":{"type":"Buffer","data":"kUJO+vV5Gj+B8RRNWVm15WJZOrpx+Ha8HZZ9vC6FS7I="}},"MGuM3UsDJ0hDEu+kclbXigdJOVzBHMhNa7oHFaq5WXU=":{"valueMac":{"type":"Buffer","data":"fXv72ZlertU2zUPkmTFRFt66Fmqc/EMtFkomMrO4SQM="}},"rqX6DcysHY+2LfmQEKy/SOhVF5jAvUFGGtuZtcPZU98=":{"valueMac":{"type":"Buffer","data":"QqIGAnEaiaMeczwIOd2FoDCMR6yQMQ2n7VLZsqopduA="}},"DQFmVlkywHCPADg1LuKiqXEZy5GpLzIf2ilMQgGW5jo=":{"valueMac":{"type":"Buffer","data":"P1BjbcvOtENFau3FYCuInwibWrgMQ9Fd8IajqjH1a08="}},"31cVlobgq47T2Ix7bece8gwhmdilXFopg4RGBEHT4Yw=":{"valueMac":{"type":"Buffer","data":"nHA7vIYzdnx3953r6tSsphi6I4RaktVHBq7NIaBvJ1w="}},"/l1g7hm1/4CS2LvoxXPewbgSRC06xHqNo/quOWpAD2Y=":{"valueMac":{"type":"Buffer","data":"HDkqnl//e1tohROAwnAuvarwBPUUpHEgk/eXUNPrTMs="}},"KgMSw36d/BUoaIvIHKbMEEJ4jtaBmy8U/xhpBu2dYKI=":{"valueMac":{"type":"Buffer","data":"x1Buf+DrHPmJHRdN2zud0PNIcZYNlede1vSzOYRZn2Y="}},"xMw+z7nJijMhdl+Tb5OnXC78/i8tOp9coixtU8ju9YY=":{"valueMac":{"type":"Buffer","data":"5z6SUoOE4B3qnsqgwyG3hKwabkiGn5PArmhrjhSLYRs="}},"qlKgmlNxy6T7IaejuafnfAUjxqlWpiO8UCgV3xVvyaM=":{"valueMac":{"type":"Buffer","data":"cbV/wxdRn8Bb0YSenkDF20RPOJ65paIj78gODukaB+0="}},"ddOB5qCzXws0TCnJ7zx5SQzTgLkkZpYVqwRy4il78V4=":{"valueMac":{"type":"Buffer","data":"B5X9eBU0t0hRnxgAvv8DF+jq9wcUBsAV8LD7cvXkIyY="}},"rShwHv/xdI3O2MMCJmg0WSLWMnRKV6ehEqVpeNRFCCU=":{"valueMac":{"type":"Buffer","data":"cS7+EQfuA+zVzrzzv9oRLCzWfbmbOt9RDsyoa++SG68="}},"FbnuLUE+j2UMbW5dZIWuHQl12tqffNdT4NR55zsKeps=":{"valueMac":{"type":"Buffer","data":"QRTIJ9oz4/FI4UBZBDyC5cbQjNQOqDFnb0MPMV78Afk="}},"Xx9s6m9rrP5LE33hg+vUwQXkny/x2NE4+A1Z8df/Gjw=":{"valueMac":{"type":"Buffer","data":"WNlZuEIfk/m41iJ0+5nlrMhX7uGuHEX4QbbCd8RfWEU="}},"Fn8MLfsodv9q63lYi0F9qWpUh9ceajpz8qjvov73AWo=":{"valueMac":{"type":"Buffer","data":"jUMkOAgBrzSkrmSG9LqUQWoSC8dGiP1HFmfmOGaes9I="}},"10nqke2gsl16LX/vW1EfiuxJiSQjD672GWOj2LhihJ4=":{"valueMac":{"type":"Buffer","data":"PTWzqjrwcRxNbfJFHM9z5mJU1NvAYPh368wT2CW5ISE="}},"E7x+WLeN6IUWRSfgtYgQFUIfSDVTEFNTExUt3oRopvE=":{"valueMac":{"type":"Buffer","data":"ghv3qsxMb2tji+jqzcg+GKwaTjrr9qzIHiYjDb/t9Rw="}},"fPPwtKr86DMxJ98EcHNmlqhzy48uZbJzThonv0DGVUo=":{"valueMac":{"type":"Buffer","data":"FUB+np1mLLt/JMCQunJMm7G0OxehSQJICK+c4rvLsQY="}},"RViH3X2TX1tTUEY1rk3fAyLvaNzIUeBye+XAMQgmqww=":{"valueMac":{"type":"Buffer","data":"1yiN0TtMJ1iR7ig8EdOWeENyISDZEFw2FfH8fDucwJU="}},"yCVLWGAsHImx+2bwGmRyFW4sQyiOLfiKc4w41ScmlW4=":{"valueMac":{"type":"Buffer","data":"CM+bJVPdJS62LHW0w/GxngnzcWPm+7DuRZhYsi9jb/A="}},"9KtfAKs3dsjXafb118dUtVliDmflmApdweeQ2/QqVMA=":{"valueMac":{"type":"Buffer","data":"11mc7hFzkAP5A6qrMiJb5F/DjjADfQJZMP8x6GmEoKw="}},"IWceh8jF0symASAdkUZIcj/8L96pOSqHU28Aknhsvbg=":{"valueMac":{"type":"Buffer","data":"heLCtj3RWcN99s2WFJxjcT/Auap+04MIjHzRMHF+miE="}},"2N1Qbq09Y1ddKz+68P1Wbx0etKNfTbICvr+WGax+/hg=":{"valueMac":{"type":"Buffer","data":"R9rhB4+3GOYm6rSIcIWhdhVAvd7Bj/+B3LpVjjHIDTQ="}},"bcJyLEFV9lglIExloZsCNDvHw45UJxwewzKX4p11Ys0=":{"valueMac":{"type":"Buffer","data":"8QNVzIaEI8OArvmMvmOO7Dglv0TftNcXfscN1/OvNoY="}},"RdTOMi3AMGRCOdwVVGyjHbR8DlCQoSnXWnt40yhwLuU=":{"valueMac":{"type":"Buffer","data":"WMpIGiDS1JJS+noBFvmP0UMJ9GbqGcyip+OcGqE0Yq0="}},"9Yq2RZg6DbzbcwVLFhwfP1WBDuusRzMMhgHrPgC0Q0E=":{"valueMac":{"type":"Buffer","data":"+GU75j2Jw80/dzYpSzlFIF7kmFhQFFVS6zNmtQt1uRw="}},"BbRVuFqMFunEatRU4oQyZsmx6XkYTqq9zBOildVFyaA=":{"valueMac":{"type":"Buffer","data":"SsvVWa9n5RVtvl8PLsAsPOprvdC+wzp7AGsMGnL9Byk="}},"Bk8QVORTP3hdFxZ/vfc0CEAPWyHs9bwpZpNGigMoCtA=":{"valueMac":{"type":"Buffer","data":"tR0GLLR5KngyA2DiyLOH9yXGPa7LWnpkhgOzkDgq6BQ="}},"rpCYgxk7unsTml9FmR8VOuOG6SktQs71Yok7/Vl5Ol0=":{"valueMac":{"type":"Buffer","data":"pBLMDb3FXdYn2LHQfQRFsuPzMYFZ3a8LRR3dA3PW3nk="}},"8LH6feQRZfep/16x8UKsQSdnVVZFfLHh+eoerhrXj/Y=":{"valueMac":{"type":"Buffer","data":"kSsfznjtyZrUgkVtcm3HD7VJ5NAqoLNqJTtflUwAeKI="}},"U69V35EtjgfLXIgFX6gqCU23Gh3CtOYR7I+YasVo73s=":{"valueMac":{"type":"Buffer","data":"d3qidFH1RA+dzMi+2HJKHKZG07h9Iy39KeqDEHZprCE="}},"C9wS0qQ9bGNC7FfoS4DLRNu5gQz6UPOjGY4fT/xTi9E=":{"valueMac":{"type":"Buffer","data":"7SjhkSAKIHCRjcowax7EhAQiQXKbPAC/wiqh7wbEaV0="}},"qxFauwUO6y0GUxY8d+WVzZ9dLTgK2+EFZ83L6i6DaKE=":{"valueMac":{"type":"Buffer","data":"CcMcgMU7pYmqGtFGTk1UsjH0lOBbS1fNXbxy/VDSNGM="}},"JHheLedh0XLMyQ3ULrZLnKn7rTsZjvx9azNv1rKpAPE=":{"valueMac":{"type":"Buffer","data":"Gv16uCR7e1efxoEMK5bn7CDU+WT9EiylbxbvOgbE2FE="}},"t301d08F3HQJ+5E/CZ54srCmd8NVXxXVKBnYxrHjttQ=":{"valueMac":{"type":"Buffer","data":"QZzENwUqdptae97NxoXajbDpakS5Ng85TuNTAZJ8HwE="}},"bVAyZigZ3txPB4nScFAPueGqvQEbksnbfRaoa/GpdVA=":{"valueMac":{"type":"Buffer","data":"hosGlL4swl5qo0u6sW/jr9869X7ZX3cFN+Kre86vNr4="}},"rh8GrUqO7095pR16q623wp4wBHxUwKjCdZaNDD2Hfik=":{"valueMac":{"type":"Buffer","data":"Ef8c1HIjKMJeuedkBNJ2CFX+E2aHbBADAux9qmUgwNY="}},"jPOo+iUD/NANvvQNiEARXnd3H4xmmaolywgXaKLPYdQ=":{"valueMac":{"type":"Buffer","data":"aFsGlRWNy3wordaWgKYT8zxopkswQTvZtjsv3ACj724="}},"bBDCMpBxKozgqW4dptXcv5sQGjIgZWHzzdjLoheMM8s=":{"valueMac":{"type":"Buffer","data":"FHwI54Bi+PqKNSTNS9AmCfNYG/1CeyNf9Uz6cOSA9Gc="}},"7YuiKwE8AXCxpDxQzQYnRKmq+t/aU220jsCV6+l2n+g=":{"valueMac":{"type":"Buffer","data":"YrkmqGE1djKNebuQ3+Hi2h5ScIEr41DUnwzO253G9NA="}},"2qzkP4LTI4eB191yo/o3uxpq1CnjdnXFbqEiQFDxFaQ=":{"valueMac":{"type":"Buffer","data":"UM4gsP2FS5oxpa/Z5sKDbIde3D+7Z8GpqxfRjfjvVdY="}},"syYsGSMx7Q2rhS0rKHXx9QCnZftVyvJTrNsqEFukGRo=":{"valueMac":{"type":"Buffer","data":"EhbhqwtjRe349xS10Lj5uwLZnQiiJxKyGy1CRZdeQf4="}},"OfTdd33+mnA+gXTu0DEhRWuDb1tu5cXuCm83wYY19V0=":{"valueMac":{"type":"Buffer","data":"3Rj4YhoHqXIxKsJHdVQxSwb4uzmDHedei9VQAQOUVkc="}},"+JMyClXSNAnnVRqxHTmYvlabUeBCXDhwgxKrlyKhaBs=":{"valueMac":{"type":"Buffer","data":"vQeGbycM9v/BAUC7ymh3mSGuU/HBwdx7srI2ytxD74k="}},"VBa1Q1uUrVLdom4yhpG26vHUY0fPm/B1lI8oV2TbMLw=":{"valueMac":{"type":"Buffer","data":"QANNfVVVyF7LDtbG5SliXmAg/kOylNBG0taqpGDSyNY="}},"Pr+F9pQSzUJ5fjyg4UbCEBMwn75oOraeSFrezR0B7do=":{"valueMac":{"type":"Buffer","data":"wd3N2r1HgVeQ1SMeFFFwC5kWVDE7w2J7CIGeGsXn75k="}},"Ks5cjAZr6zTWn0KFTwIyTWvwl4ueNmv6K6UGzT594t4=":{"valueMac":{"type":"Buffer","data":"urNyaayvkIFlPHO2j4CNuy6lBiWOjs+DSKFWPPkXEH8="}},"HInX0VdsPJoNV1JmlYzM23ZrUi4UIbaw1EUBaR6UAbo=":{"valueMac":{"type":"Buffer","data":"T0eY+okMesADmRuShV1EejjRFGtEccsblIkLJGtkqaE="}},"9LTG3hh7F8Kc5BH1cIiPlfG9N0U1SWo16S/xmhN8Rj4=":{"valueMac":{"type":"Buffer","data":"zq/lbWUrvdGUGjUZyzgFaIhvSyReeWpP7nq47NVzbF0="}},"PCD9EFuW6QS1S7Ir4rTdh6v4V4urF3OuCmOa8Olpb30=":{"valueMac":{"type":"Buffer","data":"SwiM2X3ZtjEBRC+dLRL8oGNDQNbZH5ZWZxX2X0ptbA8="}},"Kc+EsxI09MVFj6scXTNTcE4NMEqNPXmG8LqEZfI/nkQ=":{"valueMac":{"type":"Buffer","data":"cApQvnMrVMNNIuuFIiE8p2xmnYFibk+ConQW3yZXrc0="}},"KJBD7QmTHabjVQ2LBDOVZ6M9BWSdhVw2wNv0i1X+Vp4=":{"valueMac":{"type":"Buffer","data":"RjGbeUtr7gudg85k4+CuvQUuKLo+5sdQQOHqQrXceTU="}},"dI1swWOXa31ZMsCh++OhlXO6TQV1XRrad7yul/VnfLI=":{"valueMac":{"type":"Buffer","data":"/KQtwCyH3FT6MTe94wnL8+xQDTfPxRscMxZuZNlDTW0="}},"SBYpbx7TdQWYy0FUHNscgvLj4m/P9eRRP4VDC5uvCyc=":{"valueMac":{"type":"Buffer","data":"TImzBXtLTWJxQ2zCjQba4HhMLLpkn5URRnhyYGeQIn8="}},"kbH0olgewgIljdfgxfe7GJoHmm19S/5FdinKSVAeSHo=":{"valueMac":{"type":"Buffer","data":"1zS2y//Tv7/zkThG6mMHRhri9Ecfqwty86lubrdNqXE="}},"LOVjBLuTxqvDdFmNE8VHbwbsTBom9ZS5hvKgGVEqKHM=":{"valueMac":{"type":"Buffer","data":"eVGjBMs76DP7WuD72CHllS24OPUMkKWyFLgA2IVp3aA="}},"QDdAdvNLrJQ8QPVgqg00yfxASAk2wiUhGZU2i8Cu1lk=":{"valueMac":{"type":"Buffer","data":"Y9Fnn0I/wl+eIbNeobbJP6/QInIWxyVfBNY4YGX6kHw="}},"MUYJwcv5vPXJpOtECn2wYAQPQGeIRBLkOKeK354MibU=":{"valueMac":{"type":"Buffer","data":"Tao/MTmqfPBQRs26NSLLahcg/lyKzV6RBY7GZDWgYPM="}},"tGhDpqrgp/8IbY83Ao+NNCeqLcC1Zq9vxTowbc13g4I=":{"valueMac":{"type":"Buffer","data":"7JxA9Ugw5L1BfytUhef5Rl0g33OHuLaQbunhzllCITE="}},"/nn4/fQxHROoe94ReJuy/sKPPtMqWI/DnrErcDf0ZME=":{"valueMac":{"type":"Buffer","data":"faY2puysPaK/PTik5I17s767yw1fpZFNl8NhmX0E+1Y="}},"YzAxHsW82lZPsFsdLwYVDwUrKKsuXAQT/1vTPm1bmJg=":{"valueMac":{"type":"Buffer","data":"VZYSu/oKBWlALIFlpbrt6IP3ssMLinNNQEoEMCDfNQo="}},"0ELXC+xQreaiysKkSl9OS7CF4iZQKo0mYu8jeNGCmJk=":{"valueMac":{"type":"Buffer","data":"rO7oCheihhemJLPSLhxypWxo4KNZ70/qyBSCRwGv55g="}},"CSa8XJRtPI9kp7LPMbeYGbQPFqWH1IoS6hk5pbQPVJI=":{"valueMac":{"type":"Buffer","data":"GOKo+s7293KXtuxjoLLVUCXb9srHtS5XQKFWv6aCd9Y="}},"9sgcCUNtNw3rk14dw2hx+oJLzk4318JQmuuzLMjkwtE=":{"valueMac":{"type":"Buffer","data":"YUFd+KZ1bI1Kb+6v3heVDfCeyi0snn+msyLTTyywORQ="}},"9/AjAdZiF8BB/t/YHQzxzp6OQtsbSP4fDyxN3CC8rYs=":{"valueMac":{"type":"Buffer","data":"v8D3BIPO1hdR8O2GSujGm1QqUgRvDp5gXteX7V+FazA="}},"9L85MdJOyNd8qm8yMEeTpCU9eZLoE9WwbCB6enylq2s=":{"valueMac":{"type":"Buffer","data":"/l+H/BLlP9Xu+cDX5WLZKyGGA9C9kKSLyp1DKxgvPSQ="}},"66Acx7RjCbO2obVuRMGM2C2LQr96gr+DZZEkn7YYJ7A=":{"valueMac":{"type":"Buffer","data":"STrYXR4PKdAmzIEuSp3GAHPCRsCLDWZUYk0cLgv56cA="}},"fK/DlW1JTN6MQ3es/2/iMmgNK8jxUsr9iis0GT7wcYg=":{"valueMac":{"type":"Buffer","data":"cjc9lPYaN5t9drtu7DeBubnYBoJcNrR+PNRGzU7ggA8="}},"bnsuiUyP340sEZK9dEOzlecfcWtEOvoc5G4DontfFUQ=":{"valueMac":{"type":"Buffer","data":"bk0z1fTvdAieiGJDo0GaaA8vkSiWW+gh3oLAY0ZbtKQ="}},"tubW8baPDPC3pvQn6nM6PjNZwoc+/wnEEmjdCA3b+Wo=":{"valueMac":{"type":"Buffer","data":"QryNF6OZqJr6giAQoefLZlBO2tPodVP9a1iGLayo3jY="}},"6qEk8qy47GIZIYu5qJ4enhH9sM0n4xH4Y7KoQY7MijI=":{"valueMac":{"type":"Buffer","data":"Y4eN29+8jKsOANMLsErLMbMV/OkUWogIZA1f0UVPoMU="}},"bqzh/qavNZOEbY6j8DpkXKpZRUBV4Nv8SXty8wXRMJU=":{"valueMac":{"type":"Buffer","data":"vixSA9GuEX2BzMkzriDL5gQUhXwAhuohpz4KS+CxqHo="}},"xPx2u41pGbAqUgsDHCdQCwb5fn474YuAnf3ZNRhzLU0=":{"valueMac":{"type":"Buffer","data":"XrE9iFiVa0qMdbnw91bioFJAioOaQu+fcxR7zRpDSEU="}},"hRnQpr01utw07qANGdR0nGXlyEhqBkThtc/M7cboF4Q=":{"valueMac":{"type":"Buffer","data":"/YU39NbmKIwMD7QGGOMURUBJ7gOz1G48OlNreHuCL1s="}},"K7rAtMCTyb29y9uKSrnBYXWTJ1Zczzk4TFfJve9DVUk=":{"valueMac":{"type":"Buffer","data":"olk6Ak79cZhLmD2tbqR3CgbISyo0YoU86nlWP/aSRPM="}},"6xAu/9lXRPN6FKV4TaBKPd7B8VZNVnBG6JwaRfgG6+Y=":{"valueMac":{"type":"Buffer","data":"fpTWAK6M4LmsO10gcbuRexIaXdL+7UAKynZwagRz4jk="}},"IfmyfEFFSyRgQndeNbAUxA8E7b7OBiJpFrDsF2eCGEc=":{"valueMac":{"type":"Buffer","data":"bwB/2RxTgtWWnSzH1fHEk1gE1fRcM1LEFdkwK7I0R1U="}},"UdE8paRqC7cMydDUXaIQiCwYkrIztN53h8b1BGZBuTM=":{"valueMac":{"type":"Buffer","data":"nwmB+HUQzN5QirR4QVSsQ8tJYfmSmrd7TGSwDcq5y8g="}},"aKBB1WOC5CCWydIyurTP5psKj07SXOT3tHhpvxkuLYI=":{"valueMac":{"type":"Buffer","data":"1wtylzBXq/ZZK3bYkyjZ3a9sRSHFwxgz8oPZbN5Cmtk="}},"mWzaaJRfmlypu5mqA29F95r7gUhoStXJIxW7mNgRp0c=":{"valueMac":{"type":"Buffer","data":"M5aZhZEWxDXsR+8SRkLyV9LZn76XWhNz/h4qJqQeJoc="}},"FlLbOriDghC5914+eXypB83bnv8yWfQU9FBK1qQQuik=":{"valueMac":{"type":"Buffer","data":"uszrpzWu0dxzmIoSRMMk5wPczsfFiXCukIxErU32kCI="}},"5YYD/lLHRAhKvMIt/0aceacJTwv3Jjf8fd8GCdZVqLA=":{"valueMac":{"type":"Buffer","data":"DlZsZslX8Bh6msiDRJxNW39wGIvgx3VSBxx/JHtLhAg="}},"p/XTLzeAxxr+9Rs72rMku3F6aPCYn9bbBILlA6zF7+U=":{"valueMac":{"type":"Buffer","data":"Bi3zKlL2du8xU4RY0ZoF13imUik34c08zvI4V4+oP/s="}},"pc6CE0rkaeZEA8+ba6/7bRQWlfnbf3F2xhPD5X0jEcE=":{"valueMac":{"type":"Buffer","data":"8aMFI3ifepcgMmjOfXa5AwLY44cpcuEF5c9aYXsx1DU="}},"5C1syNiQKGh8aMbUeHQVtRGlmKpJ7fwD7rFLZ/NZ3Co=":{"valueMac":{"type":"Buffer","data":"o32332nGTc0+FzKmrQA55910Jlm7l6Tj3P5+/XTOzuo="}},"GlPyWSEdZEl9P8v1BVgrRg2PJjG1xaIEHfSk6D6D0e8=":{"valueMac":{"type":"Buffer","data":"dbHuuYeu/V3ax5jymS6m5dVLU3gVOdukmQn0mpbrKjc="}},"wQeXs5RImpIF6LrtkG+72TOvzyhmb06GlE1hcGJkJgk=":{"valueMac":{"type":"Buffer","data":"1gGBOWux54bN03vlhp667wgIO+4UKz1FUt5E3JMK/0I="}},"Hye5mpvKCMozWc9+HJvo1yZkRouojKz7WS/e5EThtdE=":{"valueMac":{"type":"Buffer","data":"BVJjVRKatlojjqAI3UskY2OBkYi8gGaU93+472TKS8Q="}},"oHdr/Br6YBUs8OxO1x9UMUChrSNOTiS/s+LHdiRyb8c=":{"valueMac":{"type":"Buffer","data":"zHw2RHzAXbmjE43yrih5pQ5beqRhzX9uW2aBCLKnXFE="}},"gYCI5BWgE1bAwi2Ad7Wg5HIkjhVfc/u1ojNgdHItlFI=":{"valueMac":{"type":"Buffer","data":"YSz1syiNg+L0LMBrUoNpE9AbIL6LINQH5FsJ4gbE+hc="}},"mDCwNUjFsi2PFoI2/9YVwaEwn8xQphEG+JM0x3AzyGQ=":{"valueMac":{"type":"Buffer","data":"DzNH5knjDTvFg8x1gkzjhC/Nhn9fPc0dAVIIxZG/hgA="}},"DOSmaA3aUh/moVxqnoFPOtdYBfR9xN/M4xFNTXGQ7jY=":{"valueMac":{"type":"Buffer","data":"fH5DAI/aTHrCrBzblL9MhA8Ou/s1ozR3/4zHed5V7zE="}},"oe3kluc23ErZoWa3QHXLyyy7gwb0/4dH8p9DP2Do8Xs=":{"valueMac":{"type":"Buffer","data":"2g8tWyPD8/M3dEndPeJhwFHyFeGdFNSRcN3vVFgVF+A="}},"LWBRXZjvhgEABm8DiQoQe6adjHoJ6n6XjPKMiZAp4BI=":{"valueMac":{"type":"Buffer","data":"aAiSh08JIV4PgtwEvDpuLm5F4Mmjc0oX/eO9KpbXW2w="}},"hslgqveHg3e9nP7HXgNlULZMQW2eP6YlehS6CCirr3k=":{"valueMac":{"type":"Buffer","data":"vdoJe1senFVviTL/EHMzGB2EvCVjRU/0O4jtYaHUdWY="}},"9OjDjLfZ0DFl9emlfrqCaLc3S6Zz+tQ1xBNEvCKjzaI=":{"valueMac":{"type":"Buffer","data":"HCZkqKyvxtznCnk264BypdQRwy2t9SEvx+aw9t5tWfQ="}},"icU7Kt64OQy74jdole6HwI/1zwBSQK/5xu8yRC/4llI=":{"valueMac":{"type":"Buffer","data":"irMIvQweTDQyjmAjplI4RTYvzw1b/cOK7VsXb1PnMVo="}},"9VbztEbUoNVtZ/sfCHVFnHkLohyHc77RtCybcz4rmKE=":{"valueMac":{"type":"Buffer","data":"L5n64Y3za3qziaQR242I8Bl8mURNENdP8ot9lgdGJik="}},"LeB2XaJkmQ24kmSo+1coVq83U4DkB3tHg4ogUMO7MXQ=":{"valueMac":{"type":"Buffer","data":"kdjTWh2pLZDLinuHjnnpLSdo5Bq3AueI1vHayC7c/yo="}},"+lEMxSfaNSpoaBdtWmk7QkPeaMt+X54Y28Dly1WiWZ0=":{"valueMac":{"type":"Buffer","data":"3xCFAde/23zMmXAg6A8f/Bofy5DuoxYfSTJFiGEfamI="}},"jwcH5yV7Rvc9vN3AFxCelzQOAHx3E9j5ageQ/gPWFzs=":{"valueMac":{"type":"Buffer","data":"hbDv7dfQSOofl22TGXWQG+fMBzr+jZTlba+Je+271GY="}},"DFNTEX9EaxBVTqxhIDqj7xJ16MphWpvfrsZUPGnc/Ao=":{"valueMac":{"type":"Buffer","data":"0qZsnJXrbGtJkqx2BYRWwJ1VP/WnE0qG5nvvM9TrVa4="}},"zSz80owuAJwCLxMZPL/6922fgqtQpLTi+Xy0Iu08S98=":{"valueMac":{"type":"Buffer","data":"BAhHF8S+UafooKqa0T3X4eTSjmNYbxg6DTjTrcE1EFg="}},"bL8uU6W731zY2w83q8e6ZKrfv0BzE+TdR2yTPfsE+ds=":{"valueMac":{"type":"Buffer","data":"PA7WgfJz8R5wjCLarVh49gc8HbUXYoxnFk+/kHHHUCc="}},"30qYNh2TH0FCEOjf0wHD7JnTri+SfpDm72aYxiKnUsU=":{"valueMac":{"type":"Buffer","data":"703ipFT0JKknrPDxcKGmBO/p3u8gfTnboudMn53JcGE="}},"o1IzoldvH52Y6BiKoSg79IVg9Vd9qiReBzHn7etIyYc=":{"valueMac":{"type":"Buffer","data":"gGoQ+wRSf2Pjql7glXDu4VU30KyuxUNR9RqmTpV4tj0="}},"rsvdkDccVrzHH/ar84b3zZd51A4bNbZSEQRUCJoUtnw=":{"valueMac":{"type":"Buffer","data":"/7UTyDZtb3ZRQM7zqBORZSLbfiyKA9wh3GErtagLdJM="}},"/Rel5mdOKAbs7Cua6lHOYfqcrjjSMtLPl/SeXVn25gA=":{"valueMac":{"type":"Buffer","data":"RrYZrRX5v0XtkvqFIoSXm34+UGjQV4sJ8DLbbziCxrw="}},"PkzX4SiYPqAgGKABw8buo9L3uaY8MZ9AH3p3U+QHOlY=":{"valueMac":{"type":"Buffer","data":"6lhx1EVNQDGWhkV61Nv+vSI3mqRiCUNydyTv0i/pmo0="}},"ZGq9wLsE3bEJQBwFnLb4sz4YdvOF1SNmJRhcU6WlWsw=":{"valueMac":{"type":"Buffer","data":"sUIdCR12pMPV/ge6AkMEhT/Y80bQyzcpLUu+7ay5qBE="}},"rhAzBkBHqMuItKxKFwsyLNCuGpmUHV9TOaCe/NhF9pc=":{"valueMac":{"type":"Buffer","data":"1PU1UlugHUMVEHrRfbr3/MgZLA9mmpdFPJcNaDUqayo="}},"FPalUcOIkLa/3iwMPN4sAnv/P7ArVcZvMDt9Fs3n550=":{"valueMac":{"type":"Buffer","data":"XovY1uSeGPp66h+E7EB0QD/lKToOiKigtKStF0hoNLY="}},"3qf5hAh54HjcLDWtl9pGAOCgSulaT2QkVi/2ZUeWtdE=":{"valueMac":{"type":"Buffer","data":"0SGGbOXMxfpJyUGBn/xNtih2C3XC78zfUMLudSacaHU="}},"z7yXf4PnGYV6Uczx+VRDUZU0v7E5lJUVe2xr3NWJ+zk=":{"valueMac":{"type":"Buffer","data":"vOL/eto6hCqwVxyCyxNRiDpH4C89ABxEcccmsj1jEFE="}},"PnOqZq2ryWzRJlH1TiF8/bHUvTylvHOHObmn7uxGKaA=":{"valueMac":{"type":"Buffer","data":"cmE+OCzku9Hc+QUeSl2WYxmy1Bfkj8GaZ1t31Y8ug8w="}},"gLDDNasP06F0mhRxKuY9g5E/NjJuw0LyUwtxQ2279L0=":{"valueMac":{"type":"Buffer","data":"XddK5OMoXHBzfxaD7nuDj8CKZ/uom2VJVKMvVHAIyZw="}},"AzXwj+Frgbkx/snDvS3frTLDypu5sN6tawl3ujsm3m8=":{"valueMac":{"type":"Buffer","data":"rpV6VupwU3SNbqNfiR2OfpVnahBr5xEdAFnMEajtE7Q="}},"CPCKUTvr0p0qmenhVreKZ9kvl9A8r+VdSTagaxFkX4E=":{"valueMac":{"type":"Buffer","data":"yxhMXPix9KNa0tsjCItcX3VS/ATLQYc+hQEMT8oiWhU="}},"NZ44hqkSqTjaRBgDr71PfG22KW9fH2xiwwQ/mDiICa8=":{"valueMac":{"type":"Buffer","data":"g3+j34nES6NXN1BXIfM8JU2eI+knRCoxYN0S5ntix4g="}},"u3wsq9OCKnkTE3+aRc+EYGdL1dl95ocg6Dez6Aq5N0g=":{"valueMac":{"type":"Buffer","data":"vfu0F8gqxstTdM5yfP4nG54Nj+9Ga/U8ABc3CIibAJI="}},"jcIzSXcdh5U1wHPeF3tE34XHXCdhg+VJrb1usU5JmtU=":{"valueMac":{"type":"Buffer","data":"NDp7DPbNybHyjQup5z3OQCkLpGCRXu6oSPV34gm1R7o="}},"N9gT651DqLEu6h3PWn3ydwMuK3tb+NXnbu8Tn0dC8Jg=":{"valueMac":{"type":"Buffer","data":"htvoq6cPzgIMakWWycJNP109sZvZMRpMVOG+TduvVpk="}},"+ltj2FK/DU/vp3r4jq+LIVGSulggV4mJc8vk2vzgJVI=":{"valueMac":{"type":"Buffer","data":"LTTJnHAI3iQsPMSMcXikO5CEXslKaAmpNBtcsWKCFpM="}},"7db7ms197I7zY+hY4tNLj1n/57ogLvI8F0Lg/h9Cd18=":{"valueMac":{"type":"Buffer","data":"7w9uIxEzYtVIUKUvXWlcsh6PtVyCvvhJh9fPuYdRf9M="}},"yKpyWB2F8Qo6khRWxBBQ3BKhwPGi4Z9IPhnsNzuYQvU=":{"valueMac":{"type":"Buffer","data":"uR6Q3+aeuumZJN7/72hQNe8ofD+/ztbvAkK0II38Qhk="}},"6+PE38hQW7Q0yug2cCJDxZmGbSS88uvG6bcM8EB7sWU=":{"valueMac":{"type":"Buffer","data":"lI4b8+vuHKra16TyleGU9lMFyk4+10ObS9jq+uNqzvg="}},"35+VCpoQyc4lkGFEc3kAsJrKWO19mdCp73XWZJtawlE=":{"valueMac":{"type":"Buffer","data":"0gT51WlijXEXQeP+NdMvs1lQYQ3Z26+opxLWhDFf23E="}},"XOl6UAqOZWslpAd5aTu52A4AZ0d+3T8yfyqWRLQDizI=":{"valueMac":{"type":"Buffer","data":"QVnHo82rlb8yBVAqslzG5XTHVZPH6Qlg7itmfO0T0B8="}},"ssRVUTrEMs1XSjfwOLJzwtA7w5xUWDE+UewDqRtpxoY=":{"valueMac":{"type":"Buffer","data":"4DryNXYXahM8EVMpdZ6uVM473PcpaYgFfB786FSmWuo="}},"+4qZkFfFhwTJL1FhmQzPFBPZ267fHsXv1J292Cz40d8=":{"valueMac":{"type":"Buffer","data":"TVRYTQ4Xe4BP6yQq+BXpq94G85+ExgDkYlzHn/NLT6k="}},"GkDaaDJ+ygGF1OKv8SQK4vo05GV3OTsXT+VryJOXEVg=":{"valueMac":{"type":"Buffer","data":"hnFKgv2sbnZD4oneR8k5l5m7w3QDyvQa4NEnQ/hcczg="}},"QnYjgAW5zJuh3hSgTljSy6b+zRF2CyPMKeQPP7C66WA=":{"valueMac":{"type":"Buffer","data":"mBOTDp1FkQyJkVDbK+OjH7+vI/8Gz8Qg/O6Saz4jlb8="}},"QIF3zp/UvOd2AMZ+0EOj5Y7D3O9HNBTtCp+5TfyYhDY=":{"valueMac":{"type":"Buffer","data":"cxsXrSxgoj3Crqf0zInDl2lU7uDiPGyXf6kTGKdm7BU="}},"I+bdpCosz5DXOuiWG3OU3fERYamVn/L+8Y6gYGuSt5E=":{"valueMac":{"type":"Buffer","data":"Im9o3j9hSJoMlvRdpmhVG0kyVSxNmS8dV0U3MJanDRM="}},"eMIkq0H9DRMgqQFL2OYe/nkCnqPDta4xr8az5c2v06g=":{"valueMac":{"type":"Buffer","data":"cv3vj34o+xrXa/B/+TABmWwr8LbgWICXrqOSGwau9Os="}},"5/9Qu+nR5TWvCfClRZwtAG9YywF7w5YzmSVy18YdbTA=":{"valueMac":{"type":"Buffer","data":"rUyHNY+bZqsv9boXiOLl+PzmCWY6QI6xFUVoC+8WOgg="}},"qodmQueSveXVivkYXsd30OoymXfRV+kUMHoUw0CUThI=":{"valueMac":{"type":"Buffer","data":"DV4uge7EuXWYA2MT59Lg+mqDeI3EHzGYI3VnzWh9Q1E="}},"bNcPkEvrW3o0ZhYn3wIRB8NX2DNccs+zUTlhB2RnszA=":{"valueMac":{"type":"Buffer","data":"Ah3d9Wzi6fBmqxxQ1DzyUsAflqzhkrSEhZwY+xKx6Uk="}},"601eCMGWtGy+fGkoCFyb9JO5x1RyyKjtrclaO57irds=":{"valueMac":{"type":"Buffer","data":"3qjYnPUE/rVMuj0cfqo+RaDYNERbOpyqDA9nDSn80NA="}},"E50NkAhIsb37bc/+tC0rQmWQ+OdU4uT4IxYWD0lAN/Q=":{"valueMac":{"type":"Buffer","data":"gNh5u7xT4OVR4Tm2THMdRYMLedf3/nzLBQssXPav+Qo="}},"bOCUCFbDS4PkAKEUVtKPMoskFvl7CPp3IW60Y3vi138=":{"valueMac":{"type":"Buffer","data":"dw9A15V4KjhjsDpLnCa4/+FU+jxsimytFt1XIr4SS7g="}},"ZP9x7KXl0gXzbPvU+mOStbityq5XEuRMVzxe3bIIKQ0=":{"valueMac":{"type":"Buffer","data":"YAN8zuKlt/Y0P40nyQHdDdI36tWi0CK1oGN+LhfNJ+E="}},"XbVH5jTHB7imUrUgqYRLOicHQI86UeofxghLLyqmJhg=":{"valueMac":{"type":"Buffer","data":"Xe9xxTZmv/v4QhBBHNxsdgO9Rzf6Nj5vl2EtWy4g4Fs="}},"QVEfgq3FpG6J75fuNMlq8lQ9oa+xqu5Zdu5O3P8ZA/8=":{"valueMac":{"type":"Buffer","data":"u5uuXl5b/4lpC76W4KSFBHU7n4o03gSVwpti9OSREFw="}},"U6TJC6Moak2cr4JU8Rnwnt9jN6/Pmne2wxXyC/MIbeA=":{"valueMac":{"type":"Buffer","data":"lT29lzhmbcVuYfF7OOoWoc+YVZ97za6dQmQ1idFxUdE="}},"yILTtiUNGyMRm4T7iOfyfumMSS05DY/udQ6o4gUMs/g=":{"valueMac":{"type":"Buffer","data":"etRamaIKNIjHgyUTwPLberAB8KtGw5U7gWHoMvtNfVo="}},"tYEve8T7xSWZf69C6blMrfLYgbz1KrLS89jtiu5JkNY=":{"valueMac":{"type":"Buffer","data":"lcQr8wlKUOWSt+tKd2XYkuERmSyCOmeDkd1ZKsHlZqE="}},"R/MX8g+eIRnIyy2vQgUw33q475wq1DLnO+5K3760DQY=":{"valueMac":{"type":"Buffer","data":"ygtDONfIT62r1/ZwYj2efqmf52r2JX7+Wju3tgnswzA="}},"JuHtetMM48c5xOD6ZOfhkWe34DSffD8EX/OTzbXRpBw=":{"valueMac":{"type":"Buffer","data":"wn2L3tK8dQjiV+Vda5aj2HcEULlTI+IoJ31vQv6bpTE="}},"AweB3p+svW726KubIykT40IyIQ5sMmzRrC72oJedj2E=":{"valueMac":{"type":"Buffer","data":"87Cj+RwMqyfUUa9kRmZeAvcpzFiL4yx7LM64wf8v6BU="}},"KqFmo+GS69U9+s0gmSXVt/DHHUf7hjAPe/OMLQ4XZWc=":{"valueMac":{"type":"Buffer","data":"CUTMntkJYZky9Q70eA/wipQFddeq/Fdkxq9llTRHbHo="}},"O0GjL8zh2ibuww1kx7IOmeZYzAPdeO3MWyYOStd1IBA=":{"valueMac":{"type":"Buffer","data":"CA/D0RU6SczEzKoZ7/CsklaM4ApvOdiS/7kCgNyZamU="}},"0PtFkVsCG6OufjObw+XPOVNfymFDopw1KM+4TN+ag8k=":{"valueMac":{"type":"Buffer","data":"uwZGB8ctIiTO2lw7Ncd/G+lWxqysT7vNXn8z76vU/aI="}},"YXPq5eJc1lpgLdbSKl0WM5AzAKpreAq486Z4asXXaa0=":{"valueMac":{"type":"Buffer","data":"inZ9u3Xk3PmSL+o8lp71jJtUw6wRruNQS1YtIR6IjXs="}},"aNyWT2giLwK/fJEr89Z44ONoD9/9VSS1gZyaj3Rpvdg=":{"valueMac":{"type":"Buffer","data":"3Kp4iUzqgef5ZfPnEE31ou1yh6CR4A0Pv3UyaQ5KwzA="}},"U8a/mepSTquvrHa7yFsmOm7QX1/x6Iprv1p680l1DOE=":{"valueMac":{"type":"Buffer","data":"72MeN1Tx2fbteIM/qTL39MpL2Yi8h2VKbGKESQ3MSfY="}},"Mka6PqgjtTkfk2KKBpM3B8FbvmZmiXwmPImH+ul4b5c=":{"valueMac":{"type":"Buffer","data":"JrXEnlKZnSHUpe9T3UEAWX6amfoNV9qde41bxLTPYZU="}},"/H/bFEFwd7FsXGhBfbeDDECdhUd/xREfXJXmkSdPsdU=":{"valueMac":{"type":"Buffer","data":"kCruJO20lLJ5z2GlXQO2ryXHImAxg5upbfoe2/7/TQM="}},"hYaHdIloWp/uFX8e2nhs0oRhqYLsCQy8TiyETZUdy68=":{"valueMac":{"type":"Buffer","data":"TO8UjFIrSX3mQxgwULQumDvGyNKk4gYBdFefk+9yV18="}},"wuTZCH2ZMOh+ekNQby6M31kilPC/EnGEzOOt3saa1dA=":{"valueMac":{"type":"Buffer","data":"M4+wwVCMw7cnRfgAmfAFsrHBXtbN1gIue07GR6CvOg8="}},"LqBfDJgmahZgXBNc/LnRKzzpbaSkooranL8JGKviz0g=":{"valueMac":{"type":"Buffer","data":"N/5rv0pu0Y9vW03g13S5HplOftHthupBGmO6WoQJBVU="}},"5BPwMzNMgwqV6Di9em6kcYZv8OknZtinv6p96/SkMqo=":{"valueMac":{"type":"Buffer","data":"MZSJyGKbtykiK+Az7Yt5KHsGd+CqCBdFEJ8I0XQIh68="}},"N+KeyDuwBlc88crBNRlkSEQ5N3IOy8sxmqHqnC8TQao=":{"valueMac":{"type":"Buffer","data":"ojdKZZhCm5P9rd/AcriVbP05usSme9+vjgMVjYW+fUk="}},"WHgXUyl1Ay6Karkh6kJSjNcm+q9UlHnw3Vpn5VzZ3VQ=":{"valueMac":{"type":"Buffer","data":"DmaliarGXm1E1BRreK/8wD/WJLb4w5Hki6d2khrJHeo="}},"vNWOKD2+DFFx03ZwHTWqnBHjB6qorPzukxNtzAWmmV8=":{"valueMac":{"type":"Buffer","data":"CNkPv4KNS6QaEDXjoBzbnxPwpii4xTKJDxuWc1prX0U="}},"ffHr1VaQsa5zJidPVll9I0rPm5NwWgDpouA5Rd0Lcqk=":{"valueMac":{"type":"Buffer","data":"c92/EoVwT1EydgHfWwGfvAB5rOCXvBbV8Ux4qL/knSg="}},"bvdNCa5w92EwaCtbUyAfVll+mRrCufjtyzWfiQ/UF6w=":{"valueMac":{"type":"Buffer","data":"caWhbLfm3R0NrT7hTxE7/uqzbZ3Y5kIni56QnyOl5+E="}},"YJFVcLZGCcyFJuc/n0WwbSgqY852geqm1j5aa3Wr4QM=":{"valueMac":{"type":"Buffer","data":"nj1qE8HcGKzqU1J1w3PBCt53pff+GoETInM4aT2kbSc="}},"IB1+jekAkwG3y0ht/N79Q877xviqEJubmGFVh8TpNp4=":{"valueMac":{"type":"Buffer","data":"1c7Q839kpPSkfF/QEr255ss4Xq9L6uKN/iCfkDy4DhA="}},"ZL2RQ1IHh0YLdoGcqG6KU+6hzLLEZmb2dZN0BL/qfyE=":{"valueMac":{"type":"Buffer","data":"fAfnl8YBL5gDok5nxvgJDDlwZt+/qmajr8dX0N5/KjM="}},"0fCVUdmB1qFKD5t/70Lkk1WG9Cs0D22zCg1frAXBeJU=":{"valueMac":{"type":"Buffer","data":"j3fJs51FCIfEoicx0NptgcSeB2GBJ40YVuwow+9Q8bw="}},"7G20yBdPvt+Kou0NsDdID/PKp94iEwiHD4C0dlzf4bM=":{"valueMac":{"type":"Buffer","data":"g8v2zaPZdajla2J0iavuGXtsnSBkzH3ekJcnNtgyQ/s="}},"hNZE18KRvVkaHfsEUeXuofeok9AOKLlQ7xMJeA1IF9Q=":{"valueMac":{"type":"Buffer","data":"zY8RhxhZkUlw5vz3cw13lY0Wb9d61fcR8WsIK58IjNI="}},"DCX1llui4zMDjwIDVSymqfrYTuaN9C+TJoLZ7KVgJGk=":{"valueMac":{"type":"Buffer","data":"0jEw9Scq8mMJyzHrxDGaZ68GCIWjn34DZRMXpNJA+ms="}},"djGClzSM1yIjvak32cBKeG9WlBde8cNrFc9zIdNs3JI=":{"valueMac":{"type":"Buffer","data":"Nm0jKgOFWV9J8qKXnqf23N5vcgkGEpvQ0+T2GnsBdfE="}},"6KnFn8KD9a+j9sNpSvj5sxy6pVCtvas2epSyYG9uADo=":{"valueMac":{"type":"Buffer","data":"CF5WgHQqKyCvGYjozl3TOcX68r06tds7nd5kIWcuURI="}},"QO7jdA+zWtYrpqJKWizO4qCNXev3i5j0WpN+helP96s=":{"valueMac":{"type":"Buffer","data":"OTWcFJZzALKqZ9yRPTJvZpBXUDp+/TPQtUmrXO5q4Go="}},"WI+8jH9lxwrX+xlrKzCT3A330K1QQZusnLyY1mMzBlA=":{"valueMac":{"type":"Buffer","data":"WTjnKGaS4gkkT4Ufuma09/XxwsAV1pelBGyedHh9Gms="}},"wWiSyCox/hEA0g2V74Eye8OSaCtkf4RFbgHJFpMVFks=":{"valueMac":{"type":"Buffer","data":"y2riijDOSBR/SNoruEAV8V8n/5JcGygSzN35CpzOnIA="}},"5BWsz5FLByohUoMeqdO/5zKXguuGi6Ua1y43/kZwovw=":{"valueMac":{"type":"Buffer","data":"Es6wTHb1FldRFPcUKj9dXkkbs+HWS0kdBpXPJhRvwzs="}},"6oDPfWyuiQ00iPVRbd/cBaziE14EehCt98gbbKHGLHM=":{"valueMac":{"type":"Buffer","data":"wFRWilP8tN21zIA3snrjNlpa+tvgFMSisUer1VfU1+4="}},"s7hlzbtuD0zG5b9rFJ5LhY2xvOOLCbRJPewEFqkHo9s=":{"valueMac":{"type":"Buffer","data":"AHEgSoC6FW19ZvAsU2VbsoedbuMk01oRKs6sr9WxOHA="}},"q6nhWGZ5XjoK8Fsf7IlqWDyMXKpNrB7mgAuFrl+w+UA=":{"valueMac":{"type":"Buffer","data":"YiqfojebRjBNm45IdU6uLvMjrX3RJHRZ3fZ2ODe0PXo="}},"CEORfavL09EvjD+hI3IDEH6ZMXKM6KXZtw2Dn9JkmyQ=":{"valueMac":{"type":"Buffer","data":"JOUpZz5F0o08Q2fixhOiLLa+FBff77TVo9sApzYzzho="}},"MyjOSU8VhgPB7HgYk68YNOFpnvWHesHTmeLxE1fteuc=":{"valueMac":{"type":"Buffer","data":"0MRH9VJ3aJnVl6HPBXIW6WJGjE3+tDWjPqrmPH+veSY="}},"oPoALn//pNySpcI7/uGgHi0EI6BwG/5DVeU0x2BykNE=":{"valueMac":{"type":"Buffer","data":"DZ2jsqHALzt/QgFuB6OK1IT8Vxee1t0nKbFGmnSxgp4="}},"zKXtlnJbGdYIvQbAtlZ6hRg7YMcVVPzCJvGTCky/Occ=":{"valueMac":{"type":"Buffer","data":"UF/M5w+iKpKpqb3RxVgdfbiCb+9i8/wGTE6eYcrPsd8="}},"zr8DIZQeu9d7FnRwabdPpWD/NtgHWUtAxVgM/khAQ3E=":{"valueMac":{"type":"Buffer","data":"I6tyxzSvx58zzoOS4G0tF2OVK9A1Hzjz7XIJ2PGmIn8="}},"a8i/SLDeVXU7MRn6sx+3MvY9WcBeh/VNaY2Je5J7FrY=":{"valueMac":{"type":"Buffer","data":"suKwbXs2jg69gKUnc/Ts95fQwweOTMZlP04zDxiuiWA="}},"yd3VEdAY3TCXEy27ZwmY0OzOolbSQECEc4aboVB08xY=":{"valueMac":{"type":"Buffer","data":"Rn37YSu5WSnE2vm5COKxFRdwn/XRl8lCp9j9Kq5LXcU="}},"MXbJNxThc7J/4W9JoQ+SFblbctR6sSG2MPe/O2GE/gc=":{"valueMac":{"type":"Buffer","data":"JL5eyBPLBubFrAb4TLQzNuvKmCHtN+6j/YGeRcCkeS8="}},"HQwP26WGAJDExCVVDhcdjY36b6QOh8ZiBvd/R9BrVxY=":{"valueMac":{"type":"Buffer","data":"19OFbnbAOEShL6J8rhw8/jHEVb93wA78civt5JAuj+k="}},"fRgkfdj4MLYtYeR0uE/CgDJKluIv/tPltezv2+R8ONU=":{"valueMac":{"type":"Buffer","data":"CYSffCkcP2wm2R+G7dr/C7HdSvoDXTUpQWRmcCRsHCw="}},"EWYGq+HTX6pKvNcJRDLQ/mBtZM10NmvFkESJfY46yh4=":{"valueMac":{"type":"Buffer","data":"up9SN4/qv+x2/7MqYWrfpzDgRgS6Asa/XIyLvyON3SI="}},"375EfKJyxUzih9fc+tXpUuIbIQ7IkIj1SvUVYzyssg8=":{"valueMac":{"type":"Buffer","data":"2FUSK0E4AVOUMV4Khhb3ecugqc0xCdL50G+n/0rh7N0="}},"3i2upChI/9daRmsc8QB7NO6AqsApcUy5NG9Pc9OfBhE=":{"valueMac":{"type":"Buffer","data":"Y4DRRK3EVg7xuyCwgtdm608hrSvyal7ElEAq9m1dK1Y="}},"BMpcADp05CO++Dulc+sxSEAa/JOnTjdgcu5dEyqt5aY=":{"valueMac":{"type":"Buffer","data":"dugBQ8ZCD/HNrdIGF/xUUOfHe1g5tdBVZZ+lTv6Q+sg="}},"+yLpm4/2OpaitLOfgptjCpwlAH22BZt8LDkCCebkzqE=":{"valueMac":{"type":"Buffer","data":"yYwur8i5LrmXk4Da4fH8HNIWRhKw1nlafF+FC3Mda8o="}},"gkS7NvgXoo0oqE04+tPMci0G15z+uWFn96gPWlWY8k8=":{"valueMac":{"type":"Buffer","data":"xMSRWWu29wggKyMcJUIgPxQ7+mWd9DLjWY318zvzbPQ="}},"/ME65q6fvXantFiKBaLxLxEwee9YqKz+YDpVNISztK4=":{"valueMac":{"type":"Buffer","data":"1t4Zh5Hw7U65YyPfP4KCAnu+w5JrlEHJH3QxCziBQ4Q="}},"YCNl16Aq4G+hqABnGWVaNCZPErGPOQcUuaY0ZB0hEkg=":{"valueMac":{"type":"Buffer","data":"oQ/Z2SX2+J2cNx44ZFO2FIY6n/LKi63179hQmicyiVw="}},"wl7ZuyeT/TwvurllGIhTzBlRk7epp5MtYILurIMicCY=":{"valueMac":{"type":"Buffer","data":"UQl+861eWUDh5nH/PV7l8LDTUn22iyYGeK5ynPdbfdg="}},"tGZWryhPz+CV+a+KTqdke2EmlHhykOlb6Ako77Ft9xg=":{"valueMac":{"type":"Buffer","data":"kX46WsGSfuuM/LTgqzqQT1r+a1TMS7/pauxbPuuy17M="}},"eayKBgAXdJSEN4HqLXFmlszAWj9xKKTWNs7khHj9fhQ=":{"valueMac":{"type":"Buffer","data":"gXQ5r1fSm9GL8uilrhabPecp70ECexc+mApFWmsMWrM="}},"LJUSrybskEbeFfl1CacNCf08UoMTkaTm4BOv7AhnZn0=":{"valueMac":{"type":"Buffer","data":"rFSPoNjVE2suZHgDzTI2yi+SJjc+B+4jIhQXFApiKrY="}},"DBelyzBfyjRkUQM7xeOdV5yjVc8+59ROlBLXMHtdfww=":{"valueMac":{"type":"Buffer","data":"GiqSMN4d2Q5xKqXSlINQXNvjLC4BlB/AKtiURGXAd30="}},"fJe0d5cEuZkxiPgq5ls66+RYqjyodlVG17xzI05xyAw=":{"valueMac":{"type":"Buffer","data":"oaMPs0T8EVSz5YPHH1g9xAuS9iiTXSOWHZ57dTZ9WBo="}},"OzJrSIlCmOxJgI9G24BP79EKUi81RpL/o6hgkeo06yI=":{"valueMac":{"type":"Buffer","data":"vEi6QBGSEZ7ZELJUO/hh+cdy0R1CVwBFAKQMAv9DlEE="}},"rIUQnFFnkH6YiJNwlNK0V3YobrCgXJVuN+U6VaiIiZo=":{"valueMac":{"type":"Buffer","data":"IExp1x8R9fGSJAT7dRO4NjFtIf8yEfn2jIjD/6EllCg="}},"/Cr66ohygBii4imi3DH9HQDiS5pUcCieodQQ+mo8+X4=":{"valueMac":{"type":"Buffer","data":"uGVNW6ufmxtzz6RjADqmC+77vdJD2TikBSovtqNn6YE="}},"XgEmqGsONnBtlKmXXcK7CAedfXcZw0hXpk6/DovTuos=":{"valueMac":{"type":"Buffer","data":"8dNcgALp9/os9f1moVHaIAvvATE2HkMqaw+8+r4ZZow="}},"/nUnNGDMP+WgoHZ/i8G1tA6Air3yIkMMJgqpqFcOYzE=":{"valueMac":{"type":"Buffer","data":"N67eTyIGKuOFTZd7EVAN9ZFf4n5NRzH5wfOeZMOf/kE="}},"0aKzfv598d7bcx7uv9g9Mo1dwZcCWwz3YeAFZTgMPYc=":{"valueMac":{"type":"Buffer","data":"UTpTaU8xcrWc9S1e8CWvVONzHbvnZRE+yE2eqlLb/FU="}},"+G/ZAR7kmNWKT51vR2/WLv3T7KzlDRfl4ePl7KOzX+E=":{"valueMac":{"type":"Buffer","data":"+I4NZWDsHEOYtl80aHc0OT6dfLfDwz1FZyT3ZsW+/rM="}},"6smcNespvySuNHrS9WX0X9uVuDFeFx3UM1vibBheTyo=":{"valueMac":{"type":"Buffer","data":"6avCDiJXECzH5tk+E/MMG9wNdgEAqUJDJUtrSA5v2/M="}},"4avRMRI2d68daHVgip7/t85r00I93RBx4Sk4FcbR7pc=":{"valueMac":{"type":"Buffer","data":"VAKWyySd8k3Wf9s/k9q/mCiK+4yp4agqapgFmRF9KHI="}},"wu/f0ZzsGWnLAQX/GYWcZAZluzCKOpItaCc3hu7t3AE=":{"valueMac":{"type":"Buffer","data":"VlwlZogXB37rdq6puje1wxNswEbd9RfpWcZOzn1FQfg="}},"/CvyI9vnkSW6SZGSdZWZRxguVY7ZD0d8Spv7izy2SeI=":{"valueMac":{"type":"Buffer","data":"4T2V9qXuiN403QHWBc9agt67mfjVzEjjooKdHMaW3/8="}},"j8sNM0sy98d6sJycxAUCfJVOiJPnuI/+St4iljITO1U=":{"valueMac":{"type":"Buffer","data":"1OHDWOr1xxp/vnZ/Xv7AdXleK7req0Unjh7kNZ96CYQ="}},"raxgOFSr9QbvNpMgWhcmyP+Pcqbpqq6q1Bfbly7i5Bs=":{"valueMac":{"type":"Buffer","data":"zE38Jr4HzCTTd8vVMVAhdbkGvyz1UTvbAHr7jlf/1go="}},"eM9khzvlwwHk7NGubeA+0Vt1EkjF/10lWD3pP4QLr7w=":{"valueMac":{"type":"Buffer","data":"T15+lUYppYksqCk57vPyIiuIRRZ2D8z1nkSwZbOgrtQ="}},"51geh6t1llhXTr7xjHNb1JbK9kGBqavHn004pGorzms=":{"valueMac":{"type":"Buffer","data":"ZjNJtI/fjv+PG49bNc6sLyB3VzVIaQcABNj9gd3/KME="}},"oLpIiPuDU/GD3v+NIIHPvJN3sKUiN0tpkGl40ejUemU=":{"valueMac":{"type":"Buffer","data":"ZTrQHJXnXmgGLGblwD8M3f/ItN/TNy3vhE/JxewTvI4="}},"EMbKOT5rjFVxifr0+7a7YFZZ5XbwODsDtgBt58Z3TU8=":{"valueMac":{"type":"Buffer","data":"ej8/j6G2xL0KHG2oQn++gsoGV62f4IP2M+Z1HrgTEXY="}},"SVTc4cNbhY6FsNJ7n7PPzSdU74s1fHybxv1g9gjJeDM=":{"valueMac":{"type":"Buffer","data":"zvK4HR3YDRvettw+GsKIscqFTx+bUP0NCPsky5a5yfM="}},"BfZHFyGccoggv1w5qKRJtza/vQ9m60+dTvtdK3Kkrrw=":{"valueMac":{"type":"Buffer","data":"fpX4ZUu+bfr1WrTH24rLdY/HVj86zO1IRXLwQv7zmDE="}},"wG6LM+Rk49W88u8d0+kS+yZfaG5pQY1O21MUMz1mwJI=":{"valueMac":{"type":"Buffer","data":"qL30rakay/MaxZklGNmrhVkZe8awUORwaZXz0khp0BM="}},"s5BHVcqEVMrMms2zVZ16W1bl3E1OEftPIC0zizjVlQ8=":{"valueMac":{"type":"Buffer","data":"q8ae754AN63pzRK7lPLkdGrI1X2SipChxohS3QdHKog="}},"tEP3E7hn9w+RlmRFG3NmekgY+u4xxZKP7ZkrvauyFcs=":{"valueMac":{"type":"Buffer","data":"BVmcDHeFhKakm5ids11WXgPNS6WxGAB76V5V0CnqxXc="}},"3j3JJPSa3Gep6rux9X4Eph0y+mGyadEMIqNAZf95nCg=":{"valueMac":{"type":"Buffer","data":"iZbH0bQL6K9/PUtm5UMaXzD8nBocYovb10cWM3xDAdw="}},"FTyb82vjpRoMEG74vs0ZzDu83jOfN7JXpU01/ahxQTA=":{"valueMac":{"type":"Buffer","data":"D8UTmGkzvPM8fCG2fE38jjUXvvI97Ezr6pH0mCljWBw="}},"pzur0uVB+0FV1t6dV6trZPV+pBLzjXXvMB+6O6Qgh24=":{"valueMac":{"type":"Buffer","data":"lsr95jU3cVEL77pyI3p+mx+e9VE9h9YBXJpXPAl22TE="}},"r7iBLcFMYUhHVHPNqfgo3iHL/o8pUEv4qZOlvpamhWg=":{"valueMac":{"type":"Buffer","data":"mXqsu1/0bNIHOFaGErJ1Bm0af3fXcAyjHCueL/77FFk="}},"M2kS4qcjLnnj5ciy4foAtQ3qkybP1GxfyMvsuqWcI+k=":{"valueMac":{"type":"Buffer","data":"9g4UJDZsfQZ61hqbfyFLglh9jQp3Lo8aLqy9x1PZhtA="}},"6x4soGoVKBnjugEJQxHG3lABlKMddrQWwm7vLK4a4t8=":{"valueMac":{"type":"Buffer","data":"aMdojrKOvx/5yGwk3eQTxqDJrunaDlTgQuEP5/cNBxQ="}},"t9i5+ji+O8E/V6FeuH5XzLEjwfPAZGY6U4i0j6f61e0=":{"valueMac":{"type":"Buffer","data":"YYzrGpFjRVeo28hd3kaE+JxIOADWAEZT9IkAGt6V8i0="}},"YEGxtRsCfz/Xhfewson3KZb/R050RnFhTxInJfODSLQ=":{"valueMac":{"type":"Buffer","data":"lZu0PauJBg109mAmaMlgQtpTWfu0iWbzfek3/k4gfRU="}},"zxDkGXygtUBHPjnd4nH0TwogAWd5JK9Kd/rIxFAfVVk=":{"valueMac":{"type":"Buffer","data":"hCC6hGtR3L3mzn8Qra41gp43oNW/8tZ9PXpeUXlwbVs="}},"2YifC+LdwamoRJ8LQUNZEpKE/lttks5cP4IorcOKUj4=":{"valueMac":{"type":"Buffer","data":"F00mR6waxY84ceeahR0OmiDviCzGf+xTCo+na9t8woI="}},"nDiPJBgfQ05tXwySv90ha5HtEnfXU3GhfhLeR9wg64o=":{"valueMac":{"type":"Buffer","data":"WFtq18DLQG4+m1V3gtD5suGCFimxO/veISuEcA+pmok="}},"JMMVTyrRm43GwTXSYAkhb/qGeFA1mlAK3Y6WyxN5Ohw=":{"valueMac":{"type":"Buffer","data":"zfw06tBuiRBPzLa0GYE+gwWyRTDpxuiOh/U3gvqrmKY="}},"qQyo1ghADw5sEaxqLUsdMLf1wYTHW9cIbOXA5apUMno=":{"valueMac":{"type":"Buffer","data":"K5kgAIxYZUJkksMa2ayMe73UPzDsg/9qfFRdF4M6IBU="}},"0ivmiROZVHpfsgEQtj/h33by4y9p4E9drjLp9tP9eGY=":{"valueMac":{"type":"Buffer","data":"pybieEFdJG4Ak2F50RXgp5z/bGrpmz3aQzN2UKNazfE="}},"zUzNSXrGXvlLaGDDF1d2Dw4vdeV141d0Yievn6fQNo4=":{"valueMac":{"type":"Buffer","data":"UkvEKFOg7cXh6mIc3crIj6Z2D94rPk0qH392W4H4Tc0="}},"CfGvHFXXDsbGNLlplHtKZl+3F3I/jp3Jrf28PWj5ypI=":{"valueMac":{"type":"Buffer","data":"odOr5lDF+k/BJ0+Hcam2KCQTul92dNccswA+ExaTpGk="}},"k5BU5T9rAKd+SjcDCmGy1cRuVnP64T91CCETDxUXn7E=":{"valueMac":{"type":"Buffer","data":"4fYG43pnHTHEGDQnW9y5RHa1LHtY7K7Rz/N/gwvzIn8="}},"2qr/ndJp1+/wn+fE8fy326VCD7JjGaxmg8ltgfRHS30=":{"valueMac":{"type":"Buffer","data":"xI5bYYtx+axyvqtlxT95cYKNUyP1M86kjMc9agK+mqo="}},"rrCeX9MjWkzv0XbdRBn7rQj6FBwue6fTyBMom/XMkvQ=":{"valueMac":{"type":"Buffer","data":"2sz1tjPYK4GaAFwIQQCkOYgzndFWq46a1rEnQqQ2rKk="}},"3b6yZNHJ+sc2htk7Ec73H7FKFAqkVyqPRUYHSLQux78=":{"valueMac":{"type":"Buffer","data":"i4WzG2TDn60jsbLrT1ELtIGjBZQZZuZ6iHNRfiTOMS8="}},"n+DGRuJWEO7A2YgXqEafjkt2eTLSm9EcrNoddNBXyj0=":{"valueMac":{"type":"Buffer","data":"0i4e91V/9+kQuzHGLQZLGF+b8hq1OxdLW67RYm0CrmQ="}},"XhnygF7NUCAx8eTshxEl3EognkI9PV6naACBUy/733E=":{"valueMac":{"type":"Buffer","data":"jdfMyV/3kZ6PO3/GfiwwVzlG4hUWxYMEEKGa+inLnSA="}},"e5Pcbm7raL2SV1sXnODsIZW1bAqOWN/DmimvDkT2IA4=":{"valueMac":{"type":"Buffer","data":"M1elHAbxTf6yn6SNPnfSdWdq2XgogJv6IAYsHit5umI="}},"R4fPKIExDga5/y3pQ5yNS8eaggzeLO4m+EK1ekA+Ubk=":{"valueMac":{"type":"Buffer","data":"wZHFIBKayvMSFdL7TsI0WNo78uQeYOTEobuJG5tKUUc="}},"vur7fFHZ0wGGVeetuFpFd4BBD2is55hPzUeAi1iH0Aw=":{"valueMac":{"type":"Buffer","data":"JHe91JN+Oq96V2ASmKW0K3YjJlnRDLMz99ifAdJu5XY="}},"a20FvZ2JNLwfDpBT7RwXskRYI6a7ShNUr4BueHK84l0=":{"valueMac":{"type":"Buffer","data":"pT/znPirvqAJESe9dxWkHWkB4pGXl43EetImMA0gj3o="}},"+y+a2Rgr671GUe9/rd6BDS3FGNF6YTrwwB/5v5E8rpk=":{"valueMac":{"type":"Buffer","data":"9eHf4sG1VvSx71qHQ2ah84hIsuTpCGRsAZjWgL7BoyQ="}},"z6RrxCDrm6ruwGAked1pLF5DuZTYlYPHFVOieIJxmSA=":{"valueMac":{"type":"Buffer","data":"4eZuxmEl13OIBi6HXc9imqixnKQbRe2+4jJoggpRirg="}},"9vqEuADER1YRNpolzbaKY2N3edhijj2K5eFO9jETshM=":{"valueMac":{"type":"Buffer","data":"5wrmPo/5JB19NDTYjQcHTge5TdaURTVgr5TYeuKBw6c="}},"Xp3YJY4ZAp9Tc/UTUhAI8l+NTNCLvcKn2n8Y3nLYUXo=":{"valueMac":{"type":"Buffer","data":"IvpcMBmi3XD5OgWIF5lLXdYlQDSi0cbbhJ0SflatDEs="}},"Q+giN4yDUXGkRefTzLjyMxSJjaPtXC0FYI+BysTyoho=":{"valueMac":{"type":"Buffer","data":"BzKWdGolzc5yC9euuycAk3nPdGuLPkpH4XjD3P0Dp5w="}},"5MGfR4XH70tw7tQzMGFI71Ho/38x9mQvLD5WNyKxMd8=":{"valueMac":{"type":"Buffer","data":"yFfFNx4B5roSfMzuZNGTXAAiMGicH7qB71ukjmwzv00="}},"DcTyk5KsQyWIidks/NxbZ0/e+wRahH2NXfYb5eJj/wk=":{"valueMac":{"type":"Buffer","data":"Ds0AXaKQ0zwNd9qbSg1kFBLAGQFf0WLJ4OvT3XN7lGk="}},"Yx/aLRbdYYbbPQ3HkWQlHgtVlyzE2MoOslx/e/DA07g=":{"valueMac":{"type":"Buffer","data":"5uKnkOYIuPAFV68cqGmGIAj6Cnissms6Kp0Sm3iURwc="}},"HKOupk1NIJbmEKNuWkuHNbPSGSDQha2JubXoKwSTvkw=":{"valueMac":{"type":"Buffer","data":"rcROo8O+qkI+dNDtnTRKixaIr8jXV+djPK0o/DWsLU4="}},"1n1N5ouwaR8VJ+/azpT79Ek2Opl8/Cp5gp2yiJxw/hI=":{"valueMac":{"type":"Buffer","data":"j8MrPgKNy+93nK+Oa9SwsMZ+8k/2R3b48JeryYviBgg="}},"fPmy9FRHHYPAaa3BZiJvVEFmeQz3CzA3c5S9OUXbLus=":{"valueMac":{"type":"Buffer","data":"uqqQ28FHANfeQYsvypOl8f0YxzU8N0s7O9jO+qmYKPs="}},"GMROlth9wD4GeUhkhqWbYTqQ49DnZi6Pwwi26Wzp9o8=":{"valueMac":{"type":"Buffer","data":"fpL5+Qo+2VQkl+gWl1Iv7x6itBBjSRFZ5b9LLF/CBRo="}},"fQzpwOpMnuF4uyxPzeSyGbffehNGqWy3TA3xXLrRhrM=":{"valueMac":{"type":"Buffer","data":"jBqIfZFVbT5rb00n+tkV0ZNWcPidBdaCQzHjRm/XviQ="}},"CRun2GrLfrjXD1sq9I3lLp1JesSyf0XDn2rLx6m8UCI=":{"valueMac":{"type":"Buffer","data":"UMVYNClhhRToTwmL5hwR8/5E3nV85NjIjqGLAOO4LJ0="}},"4wr5T3e4epVw5NzqSRqnrC4jb/BHuL+J19WsQa0H0AM=":{"valueMac":{"type":"Buffer","data":"XzuJZQ6SFR3F3EhuNfxjQ7jWJ+32KPGAijO1oYXGljY="}},"AxWkBCTNUZJQH4lPJ6M1QjW9qugJQsJyXVy72+TnsaU=":{"valueMac":{"type":"Buffer","data":"8W5qK7uFtkWeZ8nG+he0bTIjHP6XXktqcazbhDnNLcI="}},"qviE2KmPdeSwPfgpHA7pQtDbl7nSy6XUZxegn50Iaj0=":{"valueMac":{"type":"Buffer","data":"P29H6wxD1Ywj5pBv0g209MTtVqQ40DodlPzXiMlDye8="}},"0ecZRHEKH/NTRERXpaJ2gTI9H/sG5W+UwjCAP+GaZdg=":{"valueMac":{"type":"Buffer","data":"tqEwLB7Rl3OwqN3RvWNapjrJk4rFu1NIQB7KLtvib5Y="}},"sP1bzAhDHG6JuObQhTvyjYL6NTNzTmaTgQ3JYL5hs94=":{"valueMac":{"type":"Buffer","data":"Bgwl9ZJaD1SZYmSyvle8eIjbo6+jEJAl/m7KG6QYUC0="}},"udgsd59g6LKMD/LVJnvVtsJlebsUBwIvCvoFi2EogJA=":{"valueMac":{"type":"Buffer","data":"w6ylI36Z1hUIFiLuH9DNXGWaGdngeyr/f4EHPLg/9n0="}},"RNyeLN3PlDJ+cbeiDu57tZrlbTw2N/hZmSh2zpgcvNI=":{"valueMac":{"type":"Buffer","data":"gaarqBoeOQ/cvLpOAiqgFF4zQhN+4EpReIc1F8dYzmg="}},"HGLaUqjIf1/HJTq7gSqS2Ty6Lf4POXS0mLFlMva0rCU=":{"valueMac":{"type":"Buffer","data":"CEFrDUXUcIfWvn8Z3YnAkzN5J1tPuicG+6/sK/bV5p0="}},"XzdsKuz5YpsxVJP/pAktrYh/oqe+RcL8+ojADa+g5Sg=":{"valueMac":{"type":"Buffer","data":"hOJ7vsH0qFF0nDEl/WGfdjhds3Ey+mIQ7HDxLU2/ZCw="}},"VvZpb0LZftr57ekDiysiy7emVcnUmI2pH9Ti9KpT5A8=":{"valueMac":{"type":"Buffer","data":"gCvaBAk81x2pu0zRkx1EyPXEDOMzskdTvnKw861zv5o="}},"zieEjYcegIAsqX6SkXdVyupC68ZD2wEBxWPVeOrk2ps=":{"valueMac":{"type":"Buffer","data":"L49vbgCq5R75+L5L9qPX7z/Q7USUS2g9UrYE+HRNTmM="}},"Hr40xLRN7YgBHOxIB9WQDMZSLiip2Z9uv+/LplQ0sq8=":{"valueMac":{"type":"Buffer","data":"fRPTOCdiDt/b2Vo35yoXxELOH4B8olZMQyClyUTwppA="}},"CCufns364xo43MZCQULrgG3FNz8QMwZAZC733nzf3xE=":{"valueMac":{"type":"Buffer","data":"/Yi3Jy28hYmUGXGDwOCHGoOGER38EPsGuPkibMaV8YA="}},"vYAXYYLNJDAsvzUeOEFR8JhSqUAMDIyIPVA1mSmXSCo=":{"valueMac":{"type":"Buffer","data":"PGyMD3xpTt+Ab9okf3yA3ar2TL6vFIEP4HAwk5ZeOPA="}},"vWzQSmtG5g38MQ53YdvY35iCg0b26s6WC+bnEI/4nDA=":{"valueMac":{"type":"Buffer","data":"CqOhRFouCOWYDkS4JfGXhqADTIJYtUzCzHia9AN6Y2g="}},"2xVirLEUNL2KrxD7VowgJgTeFRfJ46N1agEk0dpSTeY=":{"valueMac":{"type":"Buffer","data":"yoSbtARkEw6Syn/GApv3o5g0Rm++UyKLxHflUQEF2jk="}},"upNt2QTCYltlS1maz9cEzOW4mn52ypXkt2/Sib+42v0=":{"valueMac":{"type":"Buffer","data":"0dQstMnAw9c/Uop7hSzS7xPxlsZL43b0XRtoWSC//+M="}},"i8mVMXr+21+rjIm9xYw5OglQUbT0PPTCcHqOIiAmaDM=":{"valueMac":{"type":"Buffer","data":"1OeuTphjb37UJFwHj4uoZeh/08GeH+fQOgMZ2nTzYJA="}},"drat7wFD/iQ0Q9EQDJWWXiGAgsSTPiQfJef/gmyVKgs=":{"valueMac":{"type":"Buffer","data":"p4QxvbxBayHJlqm7veWuqzLTWYLrBmbtfv+n/v9N3vM="}},"IYJRboc0nmsw55QAYyy5JK+IfkkE+YLoE8+7UrC/kPk=":{"valueMac":{"type":"Buffer","data":"An4nnVoOaprHsfLs1IutHUkFCrJzQRtKYYmj8b1jIoM="}},"th4i/ce+2H+sKPdBkTf+EbPw7OO9yTr3F+I4yhVGlWA=":{"valueMac":{"type":"Buffer","data":"kM8+MwfmjsYMltxa4fXuXvXwbQLhE4HhcOrtAUPobCM="}},"hng8vxVs+mCf3TL0him8UqIuj7rZNLD4hT77/hMoUxc=":{"valueMac":{"type":"Buffer","data":"CDerYKq1GlUQaUdxpzDvO/c17Inaxgqek9UvjbbGANI="}},"SFbLUv+tEntXkKB6HrjmJ4FSrimJMrqGtmxX56H0Lus=":{"valueMac":{"type":"Buffer","data":"Jzpk1cyFC7pXH46gtIpPeXJaOi3PO7XjJZ3YElXI03w="}},"RyehiNYXj5petMZ1Ya+GPCS1xNqRVdFpzDTpEMUJqCc=":{"valueMac":{"type":"Buffer","data":"krKZYvh3tbmbkx+dRdMnPN3RVPftYN78YCv1pUB0phA="}},"oHBWX4m1lrJzlEYoLeoZY0SGHmtHhrTxxkU+2dznCtU=":{"valueMac":{"type":"Buffer","data":"a1wy6rwXtx5Ygw9zTMB3HAw4XlhBUXU0RbtrYGkns/U="}},"PwyILlQQMP1nUeiOq/EgnYEZqW+q4gPVhitHl/H6KhM=":{"valueMac":{"type":"Buffer","data":"zzkHosZpW7hGycUl0kiuyWtrvWh33JGduka8TkqcDzI="}},"zUJ+EUqpZ8Kv52UQ8sjf6DqsDAS8Ogo0bakkM9l6nRc=":{"valueMac":{"type":"Buffer","data":"1fm4+p0mPigEEXVWvaBD3pQ/mPEBCEQ+ehW/i9O9x9o="}},"GyykG0YSnnKpxYMeDh3TRPdTv+SaAzehmGmQ0Itm/ew=":{"valueMac":{"type":"Buffer","data":"U7yjRUNzXF5OKfrER8CJhWBedJpJ4oxnw0aNphM1G4s="}},"8AdMiK8x6ZdezZIzqxzz0QvWCQIwpuoxemwGonJDtLA=":{"valueMac":{"type":"Buffer","data":"7uwJg3dvy/UrLITPhSmKhB83rYwNj6czX/rIYFH1gcc="}},"x9gKJO++tNAV2UyKOJC1fBnImKvZyO6api+lsn3AwnY=":{"valueMac":{"type":"Buffer","data":"8h+UmhHLD/6bvi5XXQ9SfIqu3ehd+isrZo/P0pY16Lk="}},"hRXCDBLlrk1tWXt4S1wgdZvwPnMwmCst6v1a4Qwvd9Q=":{"valueMac":{"type":"Buffer","data":"pu3eSSHTVKzhGTJZglVn/eGfO+9YqBPKUOOVOgHpS7o="}},"UWvIyhh6/AYHuaz0om75P3evASaQShJOVUy4xP2WJis=":{"valueMac":{"type":"Buffer","data":"Sb8Rdu+742zTdpv8qCw6rKF1ky0ZAkMH1jXZBxtpLrA="}},"mufjZi/1CIgv5cxsJFJ8PjjN2VZL3K7eWoL8fig44ko=":{"valueMac":{"type":"Buffer","data":"JfJpwOnBc96p1+aecLxlaFq1pWGB/lbtdjfu88IADwY="}},"PZPI3hR4A4yAgo1iUeIHuIOy6t4p3qbUKRLixawf368=":{"valueMac":{"type":"Buffer","data":"lMnrhF2zVSy9p+0z0+1/PsIjYpgM4EjNQnEx9j70zYk="}},"RGrqp97EawbeMbnpYAViOEff8t14lcULcAlVdzc+mZ4=":{"valueMac":{"type":"Buffer","data":"2JaN9coD0wjdsiUMNYBPfVgherMQDj6JQvbdx4bhkLU="}},"RORXE2CPIJspkqfpXKhgMxpYAUmB527ovXGS2CKI/Tg=":{"valueMac":{"type":"Buffer","data":"dZ/DHLLHyQhhKl1zY0HzaTtA+xsEk+PMbke3CSSZHRE="}},"8KhXlooETNqRGnrEsXz0Jtt6tOfNSKRsHeAV22RQXyg=":{"valueMac":{"type":"Buffer","data":"6P3CUoPCVqTIdmm4ovrJfjF6HWApEwQTK0w4FGrghxg="}},"3ElZFyDUgDYVJXwIQNSJpnQPSSUTordH+Vi5nF+remQ=":{"valueMac":{"type":"Buffer","data":"wFwKbEAvFVkKClGD6zmib7LNHUY5hj7S53i6KL2zVqo="}},"94WjJfl2imxn0vp2njZ8W1Ya9Ncvv7RUFegKdJs7R6M=":{"valueMac":{"type":"Buffer","data":"RGqnqFKE4iu2Z/IrdwSMrnMrIxIET/VTb/2Pv3GB5MI="}},"N42O9//BAT5f8f+MA6iqbG1RLXQojDQ555P+apG6ilM=":{"valueMac":{"type":"Buffer","data":"uAlO5pEMRhu2kIZqEotJyKM5oTJtXVXgf+akuTiH3p8="}},"+Ou8wE01KQIDmQ9NsoEeojHnrfuDBrtzpvBXSMpat08=":{"valueMac":{"type":"Buffer","data":"G1i4tVKdWAFWHNlgiE2sdREijgv9rrlpe7CILzKc4Yg="}},"Mo3Udb/Yn8ep5JnQKOA7CP8izdGQVYybLvtpbplD6FU=":{"valueMac":{"type":"Buffer","data":"9YG5DZ/IcX6G1K40WgK3GVIWgKsHgekyT0yumUALpFQ="}},"ERBHztJAl6oKkhGocyD/GtQBh2/eRZOpsVRVmezSS4w=":{"valueMac":{"type":"Buffer","data":"Df1uoKYz8lUYhJf5wPZablYUFpI9pBpR24d3/QmdZNE="}},"XZ/0Jw/6iVHRwnOm2pBVWvTwCOUHxxQ75qq0iUVYnSc=":{"valueMac":{"type":"Buffer","data":"zv+n5eVogfqwrwMOazqVj5naDXi7Z9yMqWLepfy6Raw="}},"jgSljOVa0bma9h6Svw7xcdK6CjTOHR2YnmdYXBEriS8=":{"valueMac":{"type":"Buffer","data":"NwLf8CigoRRdAWfLTGzKTEBdh9dlZ3ZgnXqi20sWJb0="}},"gTTmpmsMFsqqRQQZSLRXJNMuWh1cHKgYmUu+FPSn3IY=":{"valueMac":{"type":"Buffer","data":"4wEDWAON/hFqmUkwZgpvBI/gZgF0cuuL1vhJFdCdqzM="}},"qFI68JamqCA1lSPA4QAnXiNG7spNKZSO7onX3rboPys=":{"valueMac":{"type":"Buffer","data":"S7YYbyGbrz6EoGleXsUlgvhzr7eo+y1uT+lc4ZFdiBE="}},"AeeDdrfWTTrxqzdmPooSCkknbgpSA6iOCezT5paH3js=":{"valueMac":{"type":"Buffer","data":"5q2ieREQU251Cqoz1ow6+3PDWt7V45wo3onv6Orr5tU="}},"NUYLO3JizHPpE4yaeynmwxyd0lqXjRS4CR7WiWaaqV4=":{"valueMac":{"type":"Buffer","data":"K61OZZs8kpNzyqemRoeUNdO6CzN6c+ETavIU9zWBjvk="}},"RxvJpa+ray5nPXg2iltrMA8tlAMD8SMrd2rWTXAphmE=":{"valueMac":{"type":"Buffer","data":"JKPlNOUwK1OCGDb8OtgqO6pjyeZKTPBSe3o5EnKphyA="}},"RU8Sj4nQcIsWSj6CGqEjTpqzQdUNTIO7hEHeiWGrEJc=":{"valueMac":{"type":"Buffer","data":"m/UnRM01zEBtQvlwdbP6uMhcNOo8Y/KEw3/o5Zsg0Os="}},"Osgo05DLUXB4m1qD2wOddJdjHjsorNWx2/8mdgyZJ3A=":{"valueMac":{"type":"Buffer","data":"mRD0ggVgtyEsHCsARKiXhcV2IZvo1Vyac0kMDVisR0E="}},"klhbnuCSJvLgjgxi2H0K9yEja4d+3jL25tUlWSKS1QA=":{"valueMac":{"type":"Buffer","data":"3eZZE28PyiCEIIcTVh63H2cdqWvD06iEnG6BpEVhOwU="}},"GecgrbgWvhWOaaHgR0Mpl6pPIYDNtZMSzjX5KTdDhd8=":{"valueMac":{"type":"Buffer","data":"RWUibHwKiyrKX2O7lRt6HGyPDNXIWQ75u/jkfmMMNW8="}},"8TYR6IE0gErmZ9cVjkID8smPbMyn03RXu8T0eR/Gj8Y=":{"valueMac":{"type":"Buffer","data":"wbbZMc0Y9NS+3AVpBfX0G8BTl3tn8GYieGXNi3VWv2o="}},"1Rzxnlwcbu6C/tzhemqqrp7LjhzFU8pDx3fBqosTunc=":{"valueMac":{"type":"Buffer","data":"xVH97Hglga3zb0MrP3l/KH4EAp+Oh0th08+NTAk+mAE="}},"5IvSItM1Yv6PHsftaxdxvuDonJ4+Lapc6SrwhcHuKOA=":{"valueMac":{"type":"Buffer","data":"SXFd1WEGxXzSPP7gSr3dqVz4dH1ju4/aw74qJ8pkuHA="}},"Nw0A/WFcfI1nIe1kYl9hJKdQ9WGU9yIFJSUv9sawLNo=":{"valueMac":{"type":"Buffer","data":"FLKSYIfGVX3pCsXXDzjyKjrfldyUyZUr4ivn+V0r16A="}},"HfMORv29KkKmtj4MQD8dL9pc27hAg0ATb1PPfZGyfAc=":{"valueMac":{"type":"Buffer","data":"uuJE73kEToOp+nnVYbPkVBCVxwRo3CLYZDcIJrMNLiU="}},"4Zf/07zYp1O4WVtIIckyxC0yxJbJUnbne9Z68LrxYIs=":{"valueMac":{"type":"Buffer","data":"RyVm+qwp4XkH/DehqeeVLOK+0BSxZu8OASPGiINA5lA="}},"eEQz7YYXT+it3vLXQ3xqiVM2KSWCfxJx0W6j/5j/S8s=":{"valueMac":{"type":"Buffer","data":"uIuKKQAa8RTqwFcQ6eGEXiQxpEW7seCp6gFFN+FUMBw="}},"Ab5+RRuVKJ7aoHMywY3QHtds89UvKb9/P3+IFVeyb10=":{"valueMac":{"type":"Buffer","data":"b24I6S+MvR0b+K4OaVaPj4TORS1d28Oj9zWe6pN9UCY="}},"0Qib+NXzufzz7zT8bVrnHzGMjbvkl7VKCtzU8bnly5U=":{"valueMac":{"type":"Buffer","data":"x72rTLmRONyYw2EzDubcRD+gxrYy8rLU9Ekc7hc0yGo="}},"CwBkdk91rHelXeV4x+Z5JEFpWq/6Y3ZIe4iu4yOUu4U=":{"valueMac":{"type":"Buffer","data":"JZ/hxZj1zWKHRCgn7IOy3yXDNKTWYwOeRUz3+51c/Zg="}},"YvbkpyBCSSiFhQIP5RuCr1wlNUn6b8mvyaQQ2L00g+Y=":{"valueMac":{"type":"Buffer","data":"0fL/XsaBQSEeFN1wSc54pitzkFi0eablf8ZXgRc/bJ0="}},"BxK0ZGEU0A9NU2jXVEu3UQFExz4PeYfoYImXd5r6MMU=":{"valueMac":{"type":"Buffer","data":"VLI1CQCcnc3wFJiYXbJwS2zl9wiJBegoiGWwVRcL6dM="}},"3Uw7OBuZu3f0ZCRo1Gs03ECTtmI4xJJiB+shp82vXUE=":{"valueMac":{"type":"Buffer","data":"0JqQ4rcZohzoUkuPS0M87nPV8jxRRs8059ckhYz38/s="}},"itrt1tkMIfZCCuIxAdx7/wq0cdq4VKdZJiqP92JRtwI=":{"valueMac":{"type":"Buffer","data":"T+4geq/CIrVpksDA/sE0hhwBkzJNXu3W+6VUbw2olQU="}},"t07hMFvZiZajM2xCBka1Ge9ejqFZ3U7jEcBKqQYvGaU=":{"valueMac":{"type":"Buffer","data":"oHRvHYPDfxNqONL3M0babvWlGzihCFMP1RQ0TINAAHc="}},"BUzxS3CNzW3p5obfinG4SqmgouItYhZ8zGxkkVjURw0=":{"valueMac":{"type":"Buffer","data":"4PkzZ12vwnBphal5kgvy1Bmh01LvmGyrRksK7JHT5pY="}},"oIkQD5AULPJ3FpwOiDR+qpTV8vOHe99AXbsZqHL5K5k=":{"valueMac":{"type":"Buffer","data":"kxgCHtezUySlCYkHBpTCZZGUXQ8Na8x1g4YiI/dUugY="}},"xAWDK/x2kCWXqZu7/vpffzhi3+XqDK0MzqcIsJCrAkc=":{"valueMac":{"type":"Buffer","data":"1SYR9joI7sVgTwARHqxeCLeXEKylacennqMyKv1+1gY="}},"oqGtMQZEeV/pe+TIes4rQzhnc1y9DroOs4C78tXvKQk=":{"valueMac":{"type":"Buffer","data":"rMOXJSPKaxwas2qUeKv898eT+xkKC5gPfGuUxwdQsj8="}},"eSxzzytQ5o133IfvJ0NwRHKOioDfZabZBGgFuxANmk8=":{"valueMac":{"type":"Buffer","data":"bu3bzUnyrTw1+++QdRXXvS11byEqpHYITcihW1JggOU="}},"RmDcFj2KGpNfrQXwZzbpFJt+Nam+sJAO+vRaI9K1/8g=":{"valueMac":{"type":"Buffer","data":"aW0KbcJWTmnONFvoteYorM3sr5ZDqPf2jRlkN3BEvnQ="}},"YJXbQn3FfMxZvNznxuuGBcvMcXFJSN4Vzn5DNbfKHuw=":{"valueMac":{"type":"Buffer","data":"SzVs2kC7p9sWlAIELKAwI4YsYh0jtLFHHOHarqsmXL8="}},"8h8xJ+YuBEO3AGln6UR9xkosOL02r7BR9gLnA41DPfk=":{"valueMac":{"type":"Buffer","data":"mKLpx8138CNCuQD3kUKmQPclXkzQoaPAP/xtfHMEnj8="}},"7skcUhddLSlMrUjhC71PXjOS3cVLknxF31FA9niUNU0=":{"valueMac":{"type":"Buffer","data":"2rmfNnil1+9WkiaSF9V2e8hXbKrJ2onU3fv4sCE0QL0="}},"WFewvT5P7tkn9KqURyUEC6CEBwi8KlK4w9GMuYMnTUY=":{"valueMac":{"type":"Buffer","data":"ht0NIx/aLmeN22mwI2cMUKbFZPz59kLzoo67343IiCM="}},"fHcdSvCdreJOY9KnwPdiTl35UTosLfoRbq3vy0uf56k=":{"valueMac":{"type":"Buffer","data":"j8XNik4h5jfaoGx/6syyS0BwqiWXpw7cJgfOhvc356I="}},"Fs8bVhffizLx2jnbh3x4LHTOA23ld7q4PRWF0dh8thY=":{"valueMac":{"type":"Buffer","data":"gnR8sEf8lNpWvpo1GBHIcTkYHg/gMxV3fXas3wQBh4o="}},"EYvV0h3o0vqd1eaSHRDvcPjASS3+wVtSchhz57ygKA0=":{"valueMac":{"type":"Buffer","data":"H1gxZXRQJEMq/6+2Y7t57DztSMnMbYc9c/om9e6hBcg="}},"2j3oCX8m9SvgRAjssj7TjBe/wLjYlgmoasdJIghWBtM=":{"valueMac":{"type":"Buffer","data":"IGK0M1HxXxnDBERuWzQSDzd8jallhs0nAFJ/Ykf2MZE="}},"acE27CcMGE+7hRmxwAYpyvh3toTK6Rb8Auzx0bd9s8s=":{"valueMac":{"type":"Buffer","data":"aC3lHEXduHLyuy5QrN9M2MIAG7rg7MZJ4mQaYDzJsew="}},"1haNqyTiKDrjG1O46/2yY2QpYeh7AhI7dJyr+aVTaJM=":{"valueMac":{"type":"Buffer","data":"TypYk0C3f3Rw7CKw6Upcq9K/AvCM2YomZQDzalGr2nw="}},"53AtE1EXYsPnVQGtDy9cpxf1KjkQvMioEI3oWj2/ldg=":{"valueMac":{"type":"Buffer","data":"ogNI0FKAQr/d91GkWCla9ct9RLryXBXIi76TNZjOsUA="}},"ltNWSyA5b0y7S01vkcvVrNrxJcq5UkKHUE8CryUsqY8=":{"valueMac":{"type":"Buffer","data":"J1ePsfBQ0i8EE3IMg08D9MryWPK67WhXOa5CcydqQX4="}},"9bIJwQPCcHX6SCW8tUFqMEWmY7k75jljHK7jKUekjhA=":{"valueMac":{"type":"Buffer","data":"36RfzFIwiI6oNjlGcrWzGP5bo50Iga/VzcMDulYPFWY="}},"FAGKXvOOhP4OUcRZrEkybYvdDWOU4K+y7UNtSpNQ73E=":{"valueMac":{"type":"Buffer","data":"kSxVClekjQU8ZvdTfZkuiNbHca9fpuQ/pMQNwYEfe0Q="}},"wGOJmTj0m9hW7l0KGb/S59JhQJh0OoaNHHFwpuiyyLY=":{"valueMac":{"type":"Buffer","data":"TXppZokMfJJVt5UpAbnSU49UJhiwJMm7cWkf5KTwH6k="}},"IufLl+m2KbfPcI+9MqDjrhZeU2ES8IkDgiFvzUNxj0g=":{"valueMac":{"type":"Buffer","data":"CEwffler7iZRQSAdlEVedY2J9QN5oXp7Ae/q3O7v1Sg="}},"QkmXqn6sOO4CN3H0nFyds+3Wx4kEhvPQ6nA0G7PI4vI=":{"valueMac":{"type":"Buffer","data":"JNdACJHAwxDI/MaCRH1BywqaBPBkNZODMeSUPKVdECE="}},"p0CqJjHgUSHeJoWsq/pHg4YqYdfE2Qle+srpIvXPG4A=":{"valueMac":{"type":"Buffer","data":"QDldg8IcOSfo1F2aM2fsErh0VCk1kfCId4wWpUfAyIo="}},"8ysUUdXsdfv5Z4uwt8YKFUO4TCq9t1QYDLNOq8+9cGQ=":{"valueMac":{"type":"Buffer","data":"Gc9Mb71lQpJCgs251iS4wfLpUQ5zu25y19T6ASdzJXg="}},"MLLnorHBj3K2o6RrGlqZeyeyVOxFoANJKhjrNlSg1Vo=":{"valueMac":{"type":"Buffer","data":"bihaP+DNB8IHuKvX8F/1wYqHF3QN0frTgaxJtZAXVzI="}},"ZtuUIgZEHtu4zrcZjnjD4XzBr2X06cSgVBUPD9Fxkc8=":{"valueMac":{"type":"Buffer","data":"76H0B3woyZlmkvC3W5BEmzPC9uWoyNS+kghrg9TmHkc="}},"gtQCVkEt1UUfhEPVSkTH3vmmgyz/SBOuNnpcnFc7jbE=":{"valueMac":{"type":"Buffer","data":"n0a7Aw/PY0HzPUtIb+h9Irwb6bIsdGB76ibi5ne8f8E="}},"mH4TCVy1uFuPXJ7KXWdWrHAAueV7nLE8UtIjBI9G69Q=":{"valueMac":{"type":"Buffer","data":"GROh2+dPZhfe8VP7T2J/RetH3zBc7W3MP6QnWPy2Zj4="}},"n9cjFgRuEwcuLvy7OOLS+wVNFsEeOu7ZDRwrtFA9v7U=":{"valueMac":{"type":"Buffer","data":"2VGlt0cgGnWUs9n5+o/C3evjaBc5tnl3IaVkBTgERlo="}},"LD0cD9X26lZyMAo2JswVA/tRGoXDzc2kty5pbui6ZDQ=":{"valueMac":{"type":"Buffer","data":"zK2pPTeZwLbme6yRNeYULkhf4Z/Bv1uMzx5m3njfgkY="}},"FhTFNsN79b03AuuPyQapJEaMhL2FJQwAlJU0o9TNFOc=":{"valueMac":{"type":"Buffer","data":"KMCx+VlRSlCIXLSi2rqrBpdE1NV5/SompN+XLiiR6Fk="}},"TOzsOSBIjfBbb1FscbJCACMTfT9jEdij6pBfBdixc98=":{"valueMac":{"type":"Buffer","data":"LmZJ0OhJuNwnYj8vQ8M89dfJD5PZVSVwdhiEs/6xt4c="}},"uZIWRQTZ39JWRWXaSzaHeJ+mO4sit3dfow+CTd+3ieY=":{"valueMac":{"type":"Buffer","data":"GYnxCy/XC9k3iwGqY/T0CpcensxJ2RBW4hHhM4kI8MQ="}},"9usRwS46f32Far8o7ZWf3QkRTtyj2nKO+g8ezsJCdx0=":{"valueMac":{"type":"Buffer","data":"thePYH1LpQwS+SHAa1TnjjBYwJvhogjH0q53krwTLtM="}},"ItC9rJtxvnMzFLFcLmc1vqqI9lBiWC1n7cMP/mIelHo=":{"valueMac":{"type":"Buffer","data":"iB7AKPUs3Ra420oc5vSPAi/tm22czaaaL5jJGCQNsVk="}},"2SjBHAq0+PK+1Y0JAcIct1jQPKrsjYsoNrmrfRoR57A=":{"valueMac":{"type":"Buffer","data":"y5Ubtj50mzUq8BZQSKGWsVD1yw2gbggFSMdqf9FEeG0="}},"R/AN7/xU740Z6EkefMfCRRcigzSTSJjO32ZC5K+kd5M=":{"valueMac":{"type":"Buffer","data":"k58CBMBlykgI4y0lTAPFSYxYZh2J0uju5FNnbKVNuKQ="}},"pVuE06qqcW+CEHKxbDXcSjEdSWkIvdBijaqM6kpl9xs=":{"valueMac":{"type":"Buffer","data":"RVsvjnAd/E56xZWWGk2U5crNmtxnZZef0kcWqrTL9Ag="}},"oTPDsOzW3lGp+chZXR1Fw56s5TVlPGH0uOTo1rt030g=":{"valueMac":{"type":"Buffer","data":"JsSlliUiLYPtM2j2gkPz0c6pMj4NJhzXoH9FT52TboI="}},"LboLZPiYdWaBO+KKVL82SjR4T8cz+Rexo+2EbUGFXAQ=":{"valueMac":{"type":"Buffer","data":"Z52MA8iCO7O7LMGa2aBNXi0rxTbzkPqhhOiZignoMKw="}},"ouIJ+4uHzhAEpzj9Hjapy53N508C87kMFU4rhQIuu3k=":{"valueMac":{"type":"Buffer","data":"ZAj1Z+CiOMp79vlRb6pboLr8lhJQp12SDu2VxLHX0Iw="}},"FfjbYOdiuBbZEWCnsobMZsmCGggPYuzAetyBsgoDWcY=":{"valueMac":{"type":"Buffer","data":"9F/JuV7vyXHjiIJR/pM1X15/e7mw2Sz7Rl4k5PT68Vw="}},"4ru/dnAKY3L3mI2wbVMbna+vZUw+qZnVMbvOjAgV4ZA=":{"valueMac":{"type":"Buffer","data":"bHI9zYf27NDF7QdD6IrZySHOFuFEPA648C13GJlq0Oo="}},"zJ96rX5OtJiwqDcpB4ZqKuaQpbsBI8b6IWAnxdrj/hY=":{"valueMac":{"type":"Buffer","data":"fA3Wv+WM6Cp1aUVcWpuXloXaeLIGrstWi43q6bTiLPU="}},"a30g6ehH0PIQfJZj1gd1Wwswey7QT+2l+SuYa28lN14=":{"valueMac":{"type":"Buffer","data":"PwzFZMaABTs61PpkXmn/mJrv73vcq+OdDd/PqcfIu7E="}},"UPBTbEyQiIz8EyzImzcbiwum8wz0fR23dCwjTroK1so=":{"valueMac":{"type":"Buffer","data":"jfyjFwiw+MXRk0USNgsgNu4tlbeRy46pykoaRWvNkLw="}},"Vso+BpPDEfURyRiRHsqWt6pIkiqFqwL9zUhNNKIdwjg=":{"valueMac":{"type":"Buffer","data":"5XQzLmtppBAp38orr7wYVFJhrC32MgQ4jhY9vJqtPJo="}},"1HceMKJzKKdb249IeoBerNF0QDgTWDeys9cIn96ZLrs=":{"valueMac":{"type":"Buffer","data":"/V9V25S355SRzGzGcyU/3r7gHviuOiU0LJufpQevMgg="}},"1ZpeH8B+X0etWL5md9SfwZ883g0jW8IbL2Y5FvLP/lc=":{"valueMac":{"type":"Buffer","data":"sSvGgP4Bvv6oDGUazD4rwKYJ/UP4sOV4b/Xn90hgFWc="}},"vQyD8K624GIwU6SNeig45iNprOG4P2RU+t3Ei7jcZ+g=":{"valueMac":{"type":"Buffer","data":"GneiqaGLanFqV/XP2GebS6e5QdrZs/mDuLKDM5j6rKM="}},"/6Uj1e9jhAQiHCDcYzt3vkTzgtwGIZTgmq1U3oksJn0=":{"valueMac":{"type":"Buffer","data":"Q7pMn8+4SiWuEilEvGC7Eafq3uSYq0BHbwSoN5sufys="}},"dJA54EJPpsY0/RkakgNFjIEDYR5/Tof72xgPAjQqy2c=":{"valueMac":{"type":"Buffer","data":"RMdheAwtJKCp09c+xsh2Fn1VYDnJOGb9JpjPtByyD0Y="}},"gzbPnxoAu4VnQhqUOXmUQ004GBehFUVSFofi0nGkjWQ=":{"valueMac":{"type":"Buffer","data":"SF37IdarQRqJntYIPDwmCvP7/pzPbuNTmZPLADMEUj4="}},"7WXJ9ODfZcVvWK/cxjhl09J0OddfdgBP+GMZtC51QD4=":{"valueMac":{"type":"Buffer","data":"RGSxouOZ1Tsgu5LUioOjYyI/H5zeo8oE82Nds4CJ8W0="}},"MJVgQnThfrO/yX0Lz/fwTPL+2z3Hm1McdgdTmKORhc8=":{"valueMac":{"type":"Buffer","data":"96Zx8uuXF9vn+jSEdOSn2I7jB/+yIF8fCZ55MM6c5hU="}},"2RrivEfmQF3rFK7W11N4psrMdiOIjtZ+nstPX0oaFsQ=":{"valueMac":{"type":"Buffer","data":"0Uu7gm6TbzhLM3xOK8gpVL0wMdKj/pxxKyUC3N+WNP4="}},"hVi6vyMukclAi6PTxbkry2AjiyEsyyqNxcmo/DcILpo=":{"valueMac":{"type":"Buffer","data":"5ktA4vTVt1tQKLYm3uWLqLtsmJjPLUSM+Sivf7jNK+0="}},"8UrpTbleVXIJt1UbxvdmNOtGB0pt3EU9qLiytpIvpCM=":{"valueMac":{"type":"Buffer","data":"wv1XJv6XHPB4sr+okRHJqki/dSpWjmPONuL+vhq8Gq8="}},"7p3R8021pSwKKWRmndlRv26zkbJF5spnJ5yWUzLM8oQ=":{"valueMac":{"type":"Buffer","data":"awdbYGACBW4K24br2rnm6ov3G14aeMrKwvVMPc408ZA="}},"jtxYkVmZlCjpU6uRi5SeBmT4oR5urJ6F418moa9zWyM=":{"valueMac":{"type":"Buffer","data":"0A9jQBQlQKVB9XLQG/65MGmvUFuYK/1MWJiabSgV2bE="}},"7aRoLBTXRBhlF9vjjhhRToVj7MRDJcIevL64s70tZPU=":{"valueMac":{"type":"Buffer","data":"1cbJoRBX6wR0ao3SOUK6tfMLc/aXA7g7tzfSmqKNkao="}},"+wRjB5KJICcJk+9QjVlltzscMVxD3MaDk5bgKtb9Elw=":{"valueMac":{"type":"Buffer","data":"NWCj+uSoECcMTmbbBDo9QmitY8wD2U2M5RY6FIu+c+I="}},"OozK1nqSGRoFh6bkXcgPVhDiuHBLLrN92/k85HsbKbk=":{"valueMac":{"type":"Buffer","data":"8727EgI2QdnhJP+KbwSjOZ2zAtdzHy4P7Tp5dCwaGzk="}},"dVsntguOX7sUt7nfCKyG6jf/i1t8pGuJR4fGRD5DCIM=":{"valueMac":{"type":"Buffer","data":"SkK/1hoJRMAm2lIkLxOhwP3il9YYbOndv6ahEw+BtBo="}},"6TzUMvhzhhQGWbT0a8YHZ0OEAew9FymlY7ccD+V1pNc=":{"valueMac":{"type":"Buffer","data":"5fyf0iNk6wM1+uiBQH+b6nXLtMdH0Cpz2c8MKO97l6I="}},"kpPYNMO1eEfeVWJ7Ae2vcTKpMzgm0deZL/6Xbnpn7YQ=":{"valueMac":{"type":"Buffer","data":"KOcIRxHqMWisZLnKFQgkVUhql7/WyjUCl6An9l4iAB4="}}}}