{"version":2,"hash":{"type":"Buffer","data":"hWzohHncWnYy0D51/h9rYRiF8ZavFSfcwgYTtUZKQ+745IZuYJWX0GqyMkIiEfhchXwwtpaWbB+tcYFtzXVBQKZG6m+YsGGWicjZgoKLDYS1s2NVtEY/9XkNxKdWNTessVfybCxwjrM1LtVY7DZMQzM0L+mUoqGoI7trSliWQHI="},"indexValueMap":{"d4Xxxv1A6om4hct9pb8vIW/xTr1OiVqbFWbi/aFuEho=":{"valueMac":{"type":"Buffer","data":"R+nM0LHXeIBnTsskWw1z5SIWcRw11DQadXdXMGV75dg="}},"nSeYl7sev+BLc/XzXoOUbZmWoP6Vx40LNeRVfzwhP6Y=":{"valueMac":{"type":"Buffer","data":"rAxHtr0y7EQKuitAMnQXKkGiFEc1iCsX1Yg3eMfqqeM="}}}}