{"noiseKey":{"private":{"type":"Buffer","data":"wDzhexU3A7dVeqa7Csc4tAtK5aR54jsAKs+jrzZ6/kQ="},"public":{"type":"Buffer","data":"nLcdTDKJtxzBf7nh1a5RWimZI0c0yKtukwVZN55Qny0="}},"pairingEphemeralKeyPair":{"private":{"type":"Buffer","data":"sBnnYhP7WePukV6vt5OPsZFIjsFPepF4jf2IWwwbrWI="},"public":{"type":"Buffer","data":"hmRM0WH4qhslNzjbxwXQjEt3X5pTqf0AXyCaHDkSZy4="}},"signedIdentityKey":{"private":{"type":"Buffer","data":"QKKSEQhEjRdGJCanD29vPNpNKRNQnzOReVhCjKB7fWk="},"public":{"type":"Buffer","data":"ydBbmqm4IgPj/P5s2SCvcs1sl663sJjF2Kq8Z2ARPWw="}},"signedPreKey":{"keyPair":{"private":{"type":"Buffer","data":"EHjISNM0oDOXsqu1MC2vWgbTaVeQO0Vd3sov00RrN3E="},"public":{"type":"Buffer","data":"iA83vfgqTnmfArBA5oZp71GP5+97jmlnHcvmQGGGqBc="}},"signature":{"type":"Buffer","data":"SwbrTXF4Bw3Z0U0IgLGPHheIucRT4fnmFVTr8DTCZY/mz0oaOAFi1G9sKJfoLiSHZ+nZszkW1w9UxbDhoKBbgw=="},"keyId":1},"registrationId":147,"advSecretKey":"fR4hI9eIan9LOTP4v7lhmWnH/cAhxEcb64I+i0jpB0s=","processedHistoryMessages":[{"key":{"remoteJid":"6283898301288@s.whatsapp.net","fromMe":true,"id":"D35E9F534C31345445DAE94ACBCF6023"},"messageTimestamp":1723022613},{"key":{"remoteJid":"6283898301288@s.whatsapp.net","fromMe":true,"id":"5F2BAD2FD3618EC02633F438186C443C"},"messageTimestamp":1723022613},{"key":{"remoteJid":"6283898301288@s.whatsapp.net","fromMe":true,"id":"A80C5886BA069A0A52A723567460DE96"},"messageTimestamp":1723022614},{"key":{"remoteJid":"6283898301288@s.whatsapp.net","fromMe":true,"id":"58B827313F4F416A04168B12176D95F7"},"messageTimestamp":1723022614}],"nextPreKeyId":31,"firstUnuploadedPreKeyId":31,"accountSyncCounter":1,"accountSettings":{"unarchiveChats":false},"deviceId":"8tg0Dve-QQ2-Z9BqjZ-49Q","phoneId":"60df746f-cb00-4b96-a95b-b1cc7cc0c5ea","identityId":{"type":"Buffer","data":"YZbaJ/W7NvSXtqGzRMd7/VSMF3w="},"registered":true,"backupToken":{"type":"Buffer","data":"9/WBUKklH6yU61v2bz4KCgc+omQ="},"registration":{},"pairingCode":"11RLB7KR","me":{"id":"6283898301288:2@s.whatsapp.net","lid":"69961259163748:2@lid","name":"."},"account":{"details":"CPOBkPcCEJD6zLUGGAEgACgA","accountSignatureKey":"QgCkMKMfptLLMrdFfslmX6MkSaLZyqxqoqTNM/pRWk8=","accountSignature":"fgHZ78lDs4oNh1cgmj1KLNtmnX2B2LOkLJPJ3kj+bf8aDAXWSI/jLnGIUl+oHVhD67LDohC1P6U7GdNBEBLlCg==","deviceSignature":"d/CEmuCwVm4OsdQbM+HpqhQ0jCUolhpzHoAbs5D0pAwRrq01HAg0B1HO0tT3c91wOF0R4yR7Ruesi0Xf5JVpiw=="},"signalIdentities":[{"identifier":{"name":"6283898301288:2@s.whatsapp.net","deviceId":0},"identifierKey":{"type":"Buffer","data":"BUIApDCjH6bSyzK3RX7JZl+jJEmi2cqsaqKkzTP6UVpP"}}],"platform":"android","routingInfo":{"type":"Buffer","data":"CA0IAg=="},"lastAccountSyncTimestamp":1723022744,"myAppStateKeyId":"AAAAAGxL"}