{"_sessions":{"BZPk0ef3XQRuV4nvIePeCvkR5lAOjPhxN0hthL4YDtk2":{"registrationId":564944511,"currentRatchet":{"ephemeralKeyPair":{"pubKey":"BSJaMTU9fMg6lRbnL0m/RDP81CDd9noRTCNFwBa8zhcP","privKey":"CDr1QfSJap6uNjU8KQ3iS9oLimvP5H83ZpFshu8/VFE="},"lastRemoteEphemeralKey":"BbcbjsIklQs6+982GK5JnWouGhJ2H1MWyOA8YyGAka9c","previousCounter":0,"rootKey":"x+zMokVbuoJ+GR9und5Hndmq1rOw10GKP7dMye3Rhn0="},"indexInfo":{"baseKey":"BZPk0ef3XQRuV4nvIePeCvkR5lAOjPhxN0hthL4YDtk2","baseKeyType":2,"closed":-1,"used":1723024938644,"created":1723024938644,"remoteIdentityKey":"BQxb0Wdw5V0bjEbTcPur1FLtlWe1PG27Fyj7YjI3uLhP"},"_chains":{"BbcbjsIklQs6+982GK5JnWouGhJ2H1MWyOA8YyGAka9c":{"chainKey":{"counter":0,"key":"XGNVkN8zROGH9x8tmEpgCe9YPjrl2RWhB+FIq2gtGyk="},"chainType":2,"messageKeys":{}},"BSJaMTU9fMg6lRbnL0m/RDP81CDd9noRTCNFwBa8zhcP":{"chainKey":{"counter":-1,"key":"wZiexLZlzXiGmofVYeFGwGfGM80dlWrCqQI/873naOc="},"chainType":1,"messageKeys":{}}}}},"version":"v1"}