{"_sessions":{"BWqzfNuLRA6VmMSLy3Ie5UrfO8Kzm9W/N+Fwz0ow7IJV":{"registrationId":1527207177,"currentRatchet":{"ephemeralKeyPair":{"pubKey":"BRi54Tfpa2CiL/FxfpMIc4Xb/UfdmuFu9GNwQTiruHIe","privKey":"SPik7YDHdSoUjRHkK7k4eTpLqwEBOBvzkOFcMf1Lc3Y="},"lastRemoteEphemeralKey":"BeFzekIfRFFw9GxX/ZYbF5ftZYLMfg8BL3ME2Fok6Xwk","previousCounter":7,"rootKey":"SqMojWi7AQW0IVYP4cCsf4AKEtStyRibc/FOqKfHrUU="},"indexInfo":{"baseKey":"BWqzfNuLRA6VmMSLy3Ie5UrfO8Kzm9W/N+Fwz0ow7IJV","baseKeyType":2,"closed":-1,"used":1723023743530,"created":1723022611395,"remoteIdentityKey":"BUIApDCjH6bSyzK3RX7JZl+jJEmi2cqsaqKkzTP6UVpP"},"_chains":{"BfACcCaFTLui2+hW8/+3Q2AUSFyB+cJmSdM2azflIHox":{"chainKey":{"counter":9},"chainType":2,"messageKeys":{}},"BXJ9FtRRvhnLdN36cmgahkT96uEpMwkBpuQbnMJCAANa":{"chainKey":{"counter":0},"chainType":2,"messageKeys":{}},"BchLcdJc+hNrifaWg9BJwbZinvF/IHh3+bP0pjwd76lS":{"chainKey":{"counter":0},"chainType":2,"messageKeys":{}},"BeFzekIfRFFw9GxX/ZYbF5ftZYLMfg8BL3ME2Fok6Xwk":{"chainKey":{"counter":0,"key":"SK0l5EsJL6VZlxUT2CT6RmNEz6somPOWa+XZJamR/ww="},"chainType":2,"messageKeys":{}},"BRi54Tfpa2CiL/FxfpMIc4Xb/UfdmuFu9GNwQTiruHIe":{"chainKey":{"counter":7,"key":"8QTtGueqtoZSzzgwgaoyfQk++itqN1MTu8eYjf5Jo7I="},"chainType":1,"messageKeys":{}}}}},"version":"v1"}