{"_sessions":{"BbkOjP1qAsQpveBGe0ru32L8Cz0SR5bTIth+7IP4150p":{"registrationId":1706681860,"currentRatchet":{"ephemeralKeyPair":{"pubKey":"BXd6HVW3gJ7NW5cnpGau/2ISidgIe7vTf2P5VYWiZJQp","privKey":"MFfgwNKMNufAennPr+Q4zqZ2L2uks8Lazvo2ku8hEG0="},"lastRemoteEphemeralKey":"BSRp8siyniqBLWUyWMsYpeN1WFMomtUVTQB3/xF2loI/","previousCounter":0,"rootKey":"eoxJCKB/yshtf6GdU1FwD6f9gzr59wsRLJolxaMMehA="},"indexInfo":{"baseKey":"BbkOjP1qAsQpveBGe0ru32L8Cz0SR5bTIth+7IP4150p","baseKeyType":1,"closed":-1,"used":1723022650047,"created":1723022650047,"remoteIdentityKey":"BWhjFVa4TqEho84shOlQcNaSj7Jk84OWcQrMAlFpsPtS"},"_chains":{"BXd6HVW3gJ7NW5cnpGau/2ISidgIe7vTf2P5VYWiZJQp":{"chainKey":{"counter":24,"key":"VGqvwCsd1bGBb3qzOKSu89tzYyg065F6+JDGUSQy0UY="},"chainType":1,"messageKeys":{}}},"pendingPreKey":{"signedKeyId":116,"baseKey":"BbkOjP1qAsQpveBGe0ru32L8Cz0SR5bTIth+7IP4150p","preKeyId":10872800}}},"version":"v1"}